x,01_Soil,02_Dry_bush,03_Soil,04_Very_green_bush,05_Soil_with_crust,06_Soil_without_crust,07_Desert_pink_flowers,08_Brown_thorns,09_Very_dry_grass,10_Mix_of_soil_and_crust,11_Dense_desert_pink_flowers,12_Soil_with_crust,13_Rock_and_stones,14_Small_stones,15_Green-light_blue_bush,16_Very_dry_grass,17_Greenish_thorns,18_Bush,19_Sparse_dry_grass,20_Soil_with_crust,21_Acacia
0.4003 ,0.056100000,0.085975000,0.205000000,0.050866667,0.200466667,0.144075000,0.083900000,0.052766667,0.062433333,0.156533333,0.049600000,0.203033333,0.219250000,0.408575000,0.064800000,0.045333333,0.029200000,0.093450000,0.067000000,0.181600000,0.048460000
0.4018 ,0.056766667,0.086300000,0.206033333,0.051100000,0.201533333,0.144975000,0.084700000,0.053033333,0.063266667,0.157666667,0.050300000,0.204400000,0.220450000,0.408925000,0.064933333,0.045933333,0.030133333,0.093925000,0.067766667,0.182566667,0.048660000
0.4032 ,0.057400000,0.086600000,0.207166667,0.051466667,0.202633333,0.146000000,0.085600000,0.053400000,0.064166667,0.158766667,0.051033333,0.205666667,0.221700000,0.409725000,0.065166667,0.046633333,0.031266667,0.094500000,0.068633333,0.183666667,0.048900000
0.4047 ,0.058266667,0.087100000,0.208566667,0.052000000,0.204133333,0.147250000,0.086733333,0.053900000,0.065233333,0.160066667,0.051900000,0.207266667,0.223150000,0.410725000,0.065600000,0.047433333,0.032633333,0.095200000,0.069766667,0.185200000,0.049240000
0.4061 ,0.059133333,0.087575000,0.210000000,0.052533333,0.205800000,0.148625000,0.088066667,0.054500000,0.066333333,0.161500000,0.052900000,0.208766667,0.224625000,0.412025000,0.066033333,0.048400000,0.034133333,0.096025000,0.070966667,0.186800000,0.049640000
0.4076 ,0.059900000,0.087925000,0.211133333,0.053033333,0.206933333,0.149625000,0.089066667,0.054900000,0.067266667,0.162533333,0.053733333,0.210000000,0.225750000,0.412925000,0.066400000,0.049166667,0.035666667,0.096625000,0.072000000,0.187966667,0.049900000
0.4091 ,0.060800000,0.088425000,0.212566667,0.053600000,0.208433333,0.150900000,0.090300000,0.055433333,0.068333333,0.163866667,0.054700000,0.211566667,0.227175000,0.413975000,0.066900000,0.050066667,0.037300000,0.097350000,0.073200000,0.189466667,0.050240000
0.4105 ,0.061600000,0.088775000,0.213733333,0.054133333,0.209500000,0.151850000,0.091300000,0.055766667,0.069300000,0.164933333,0.055566667,0.212766667,0.228225000,0.414650000,0.067300000,0.050900000,0.039033333,0.098025000,0.074233333,0.190533333,0.050560000
0.4120 ,0.062566667,0.089325000,0.215266667,0.054833333,0.211100000,0.153225000,0.092600000,0.056300000,0.070433333,0.166300000,0.056633333,0.214333333,0.229725000,0.415775000,0.067966667,0.051900000,0.041000000,0.098825000,0.075466667,0.192066667,0.050940000
0.4134 ,0.063400000,0.089725000,0.216400000,0.055466667,0.212200000,0.154175000,0.093600000,0.056733333,0.071400000,0.167333333,0.057500000,0.215533333,0.230800000,0.416575000,0.068466667,0.052800000,0.042900000,0.099500000,0.076533333,0.193166667,0.051260000
0.4149 ,0.064333333,0.090225000,0.217833333,0.056166667,0.213600000,0.155350000,0.094766667,0.057200000,0.072466667,0.168633333,0.058500000,0.217000000,0.232225000,0.417550000,0.069066667,0.053733333,0.044966667,0.100250000,0.077766667,0.194566667,0.051660000
0.4164 ,0.065333333,0.090725000,0.219400000,0.056933333,0.215066667,0.156625000,0.096000000,0.057733333,0.073600000,0.170000000,0.059533333,0.218633333,0.233675000,0.418450000,0.069766667,0.054766667,0.047000000,0.101075000,0.079000000,0.195933333,0.052100000
0.4178 ,0.066333333,0.091275000,0.221000000,0.057733333,0.216533333,0.157900000,0.097200000,0.058200000,0.074700000,0.171366667,0.060600000,0.220166667,0.235150000,0.419375000,0.070533333,0.055766667,0.049100000,0.102000000,0.080366667,0.197333333,0.052620000
0.4193 ,0.067433333,0.091925000,0.222766667,0.058733333,0.218333333,0.159425000,0.098633333,0.058866667,0.075933333,0.172900000,0.061733333,0.221933333,0.236750000,0.420725000,0.071366667,0.056933333,0.051300000,0.103100000,0.081800000,0.199166667,0.053220000
0.4207 ,0.068400000,0.092400000,0.224300000,0.059533333,0.219766667,0.160700000,0.099733333,0.059366667,0.077000000,0.174233333,0.062733333,0.223400000,0.238150000,0.421625000,0.072166667,0.057966667,0.053400000,0.103975000,0.083100000,0.200566667,0.053740000
0.4222 ,0.069466667,0.092975000,0.225966667,0.060466667,0.221366667,0.162050000,0.101000000,0.059933333,0.078100000,0.175666667,0.063700000,0.225033333,0.239625000,0.422775000,0.072933333,0.059000000,0.055433333,0.104975000,0.084400000,0.202166667,0.054300000
0.4236 ,0.070466667,0.093550000,0.227733333,0.061433333,0.223100000,0.163550000,0.102266667,0.060500000,0.079266667,0.177266667,0.064766667,0.226866667,0.241375000,0.423725000,0.073766667,0.060100000,0.057500000,0.106025000,0.085800000,0.203766667,0.054980000
0.4251 ,0.071566667,0.094175000,0.229566667,0.062433333,0.224866667,0.165000000,0.103466667,0.061066667,0.080400000,0.178800000,0.065766667,0.228666667,0.243000000,0.424950000,0.074600000,0.061200000,0.059433333,0.107100000,0.087233333,0.205466667,0.055660000
0.4265 ,0.072633333,0.094775000,0.231400000,0.063333333,0.226566667,0.166500000,0.104666667,0.061666667,0.081500000,0.180466667,0.066700000,0.230533333,0.244775000,0.426025000,0.075400000,0.062233333,0.061233333,0.108150000,0.088633333,0.207133333,0.056380000
0.4280 ,0.073600000,0.095300000,0.233300000,0.064233333,0.228166667,0.167925000,0.105766667,0.062133333,0.082533333,0.182100000,0.067600000,0.232433333,0.246475000,0.426900000,0.076066667,0.063233333,0.062933333,0.109175000,0.089933333,0.208600000,0.057040000
0.4295 ,0.075066667,0.096350000,0.236166667,0.065466667,0.231033333,0.170300000,0.107600000,0.063166667,0.084133333,0.184433333,0.068933333,0.235066667,0.249000000,0.429025000,0.077166667,0.064633333,0.064866667,0.110725000,0.091866667,0.211400000,0.058080000
0.4309 ,0.076366667,0.097075000,0.238466667,0.066666667,0.233533333,0.172350000,0.109200000,0.063966667,0.085466667,0.186466667,0.070000000,0.237233333,0.250900000,0.430875000,0.078166667,0.065966667,0.066666667,0.112200000,0.093666667,0.213933333,0.059020000
0.4324 ,0.077600000,0.097850000,0.240900000,0.067700000,0.235866667,0.174300000,0.110700000,0.064733333,0.086733333,0.188400000,0.071000000,0.239433333,0.252900000,0.432375000,0.079033333,0.067066667,0.068233333,0.113475000,0.095266667,0.216133333,0.059900000
0.4338 ,0.078433333,0.098325000,0.242633333,0.068433333,0.237500000,0.175675000,0.111566667,0.065200000,0.087600000,0.189933333,0.071733333,0.241133333,0.254475000,0.433325000,0.079533333,0.067933333,0.069466667,0.114450000,0.096500000,0.217700000,0.060540000
0.4353 ,0.079600000,0.099025000,0.244966667,0.069300000,0.239600000,0.177575000,0.112866667,0.065900000,0.088800000,0.191966667,0.072666667,0.243466667,0.256600000,0.434550000,0.080266667,0.068966667,0.070833333,0.115650000,0.098033333,0.219666667,0.061360000
0.4367 ,0.080666667,0.099700000,0.247200000,0.070166667,0.241666667,0.179350000,0.114066667,0.066533333,0.089900000,0.193933333,0.073500000,0.245666667,0.258625000,0.435850000,0.080866667,0.070000000,0.072000000,0.116775000,0.099466667,0.221600000,0.062100000
0.4382 ,0.081800000,0.100375000,0.249533333,0.071033333,0.243900000,0.181275000,0.115400000,0.067233333,0.091033333,0.195933333,0.074400000,0.247933333,0.260725000,0.437275000,0.081566667,0.071066667,0.073100000,0.118000000,0.101066667,0.223733333,0.062920000
0.4396 ,0.083166667,0.101325000,0.252366667,0.072033333,0.246666667,0.183600000,0.117100000,0.068166667,0.092533333,0.198300000,0.075500000,0.250500000,0.263100000,0.439100000,0.082400000,0.072300000,0.074333333,0.119425000,0.102900000,0.226400000,0.063860000
0.4411 ,0.084266667,0.101925000,0.254500000,0.072800000,0.248766667,0.185350000,0.118266667,0.068833333,0.093633333,0.200066667,0.076233333,0.252433333,0.264775000,0.440550000,0.083000000,0.073333333,0.075300000,0.120550000,0.104466667,0.228500000,0.064620000
0.4425 ,0.085366667,0.102575000,0.256700000,0.073500000,0.250766667,0.187150000,0.119466667,0.069433333,0.094733333,0.201966667,0.077066667,0.254500000,0.266750000,0.441650000,0.083566667,0.074266667,0.076200000,0.121600000,0.105933333,0.230333333,0.065320000
0.4440 ,0.086366667,0.103125000,0.258666667,0.074200000,0.252600000,0.188800000,0.120566667,0.070033333,0.095800000,0.203766667,0.077833333,0.256566667,0.268575000,0.442675000,0.084066667,0.075200000,0.077000000,0.122600000,0.107333333,0.232066667,0.066020000
0.4454 ,0.087600000,0.103875000,0.261066667,0.075000000,0.254933333,0.190800000,0.122000000,0.070833333,0.097100000,0.205833333,0.078733333,0.258833333,0.270650000,0.444250000,0.084700000,0.076333333,0.077933333,0.123800000,0.109033333,0.234333333,0.066820000
0.4469 ,0.088733333,0.104550000,0.263200000,0.075733333,0.256966667,0.192600000,0.123233333,0.071566667,0.098300000,0.207700000,0.079533333,0.260833333,0.272475000,0.445625000,0.085266667,0.077366667,0.078733333,0.124825000,0.110600000,0.236333333,0.067520000
0.4483 ,0.089866667,0.105250000,0.265333333,0.076466667,0.259100000,0.194425000,0.124600000,0.072300000,0.099566667,0.209600000,0.080366667,0.262866667,0.274325000,0.447050000,0.085866667,0.078400000,0.079500000,0.125900000,0.112266667,0.238366667,0.068240000
0.4497 ,0.090833333,0.105725000,0.267066667,0.077000000,0.260766667,0.195900000,0.125600000,0.072833333,0.100600000,0.211200000,0.081000000,0.264633333,0.275900000,0.447975000,0.086300000,0.079266667,0.080166667,0.126775000,0.113666667,0.239966667,0.068820000
0.4512 ,0.091900000,0.106300000,0.268966667,0.077633333,0.262533333,0.197525000,0.126733333,0.073466667,0.101733333,0.212966667,0.081766667,0.266600000,0.277600000,0.448950000,0.086800000,0.080133333,0.080766667,0.127725000,0.115100000,0.241633333,0.069440000
0.4526 ,0.092866667,0.106875000,0.270700000,0.078233333,0.264266667,0.199100000,0.127900000,0.074100000,0.102933333,0.214633333,0.082500000,0.268400000,0.279225000,0.450100000,0.087300000,0.081133333,0.081366667,0.128625000,0.116600000,0.243366667,0.070000000
0.4541 ,0.094066667,0.107550000,0.272733333,0.078900000,0.266266667,0.200850000,0.129300000,0.074900000,0.104266667,0.216466667,0.083333333,0.270366667,0.281000000,0.451450000,0.087900000,0.082200000,0.081966667,0.129650000,0.118300000,0.245300000,0.070640000
0.4555 ,0.095100000,0.108050000,0.274266667,0.079466667,0.267800000,0.202275000,0.130366667,0.075500000,0.105400000,0.217866667,0.084000000,0.271866667,0.282300000,0.452525000,0.088333333,0.083133333,0.082400000,0.130475000,0.119800000,0.246933333,0.071160000
0.4570 ,0.096000000,0.108575000,0.275733333,0.079933333,0.269200000,0.203550000,0.131366667,0.076100000,0.106533333,0.219266667,0.084633333,0.273400000,0.283700000,0.453325000,0.088666667,0.083966667,0.082800000,0.131225000,0.121166667,0.248266667,0.071600000
0.4584 ,0.096966667,0.109025000,0.277133333,0.080433333,0.270566667,0.204800000,0.132433333,0.076666667,0.107633333,0.220633333,0.085333333,0.274866667,0.285025000,0.454225000,0.089066667,0.084900000,0.083166667,0.131975000,0.122533333,0.249633333,0.072000000
0.4599 ,0.098000000,0.109575000,0.278566667,0.080966667,0.271966667,0.206150000,0.133533333,0.077333333,0.108866667,0.222033333,0.086033333,0.276400000,0.286375000,0.455225000,0.089533333,0.085833333,0.083566667,0.132775000,0.124033333,0.251066667,0.072460000
0.4613 ,0.098933333,0.110050000,0.279866667,0.081400000,0.273200000,0.207300000,0.134600000,0.077933333,0.110033333,0.223233333,0.086666667,0.277666667,0.287550000,0.456100000,0.089933333,0.086700000,0.083900000,0.133500000,0.125366667,0.252333333,0.072860000
0.4627 ,0.099833333,0.110475000,0.280933333,0.081833333,0.274266667,0.208325000,0.135466667,0.078433333,0.111100000,0.224300000,0.087300000,0.278800000,0.288650000,0.456825000,0.090233333,0.087500000,0.084200000,0.134150000,0.126666667,0.253400000,0.073180000
0.4642 ,0.100733333,0.110950000,0.282033333,0.082300000,0.275366667,0.209375000,0.136400000,0.079000000,0.112266667,0.225400000,0.087900000,0.280000000,0.289775000,0.457600000,0.090633333,0.088400000,0.084500000,0.134775000,0.127966667,0.254533333,0.073560000
0.4656 ,0.101666667,0.111400000,0.283233333,0.082766667,0.276566667,0.210500000,0.137466667,0.079600000,0.113400000,0.226500000,0.088566667,0.281233333,0.290900000,0.458400000,0.091000000,0.089233333,0.084800000,0.135450000,0.129366667,0.255700000,0.073940000
0.4670 ,0.102600000,0.111875000,0.284366667,0.083233333,0.277666667,0.211525000,0.138433333,0.080166667,0.114600000,0.227566667,0.089200000,0.282333333,0.292025000,0.459250000,0.091333333,0.090133333,0.085066667,0.136150000,0.130733333,0.256800000,0.074320000
0.4685 ,0.103466667,0.112250000,0.285366667,0.083666667,0.278633333,0.212500000,0.139366667,0.080766667,0.115666667,0.228600000,0.089766667,0.283466667,0.293100000,0.459900000,0.091700000,0.090966667,0.085366667,0.136775000,0.132000000,0.257800000,0.074640000
0.4699 ,0.104366667,0.112725000,0.286500000,0.084133333,0.279800000,0.213575000,0.140333333,0.081333333,0.116833333,0.229666667,0.090400000,0.284600000,0.294225000,0.460825000,0.092033333,0.091833333,0.085633333,0.137425000,0.133333333,0.258966667,0.075040000
0.4714 ,0.105233333,0.113200000,0.287533333,0.084533333,0.280800000,0.214550000,0.141233333,0.081900000,0.117933333,0.230633333,0.090966667,0.285666667,0.295275000,0.461550000,0.092366667,0.092633333,0.085900000,0.138025000,0.134633333,0.260000000,0.075360000
0.4728 ,0.106166667,0.113650000,0.288666667,0.085000000,0.281900000,0.215625000,0.142200000,0.082466667,0.119133333,0.231733333,0.091566667,0.286800000,0.296375000,0.462375000,0.092666667,0.093466667,0.086100000,0.138700000,0.136000000,0.261133333,0.075740000
0.4742 ,0.106900000,0.113975000,0.289566667,0.085266667,0.282733333,0.216450000,0.142933333,0.083000000,0.120100000,0.232633333,0.092100000,0.287733333,0.297325000,0.463025000,0.092933333,0.094233333,0.086233333,0.139225000,0.137133333,0.262000000,0.076000000
0.4756 ,0.107866667,0.114475000,0.290800000,0.085733333,0.283933333,0.217550000,0.143933333,0.083566667,0.121300000,0.233733333,0.092700000,0.288933333,0.298500000,0.463900000,0.093233333,0.095033333,0.086433333,0.139875000,0.138500000,0.263166667,0.076340000
0.4771 ,0.108700000,0.114900000,0.291900000,0.086100000,0.284966667,0.218550000,0.144833333,0.084133333,0.122400000,0.234733333,0.093233333,0.290000000,0.299525000,0.464675000,0.093500000,0.095800000,0.086533333,0.140450000,0.139733333,0.264233333,0.076640000
0.4785 ,0.109566667,0.115350000,0.293100000,0.086466667,0.286100000,0.219650000,0.145700000,0.084700000,0.123533333,0.235900000,0.093766667,0.291266667,0.300750000,0.465450000,0.093733333,0.096633333,0.086700000,0.141050000,0.141033333,0.265333333,0.076940000
0.4800 ,0.110366667,0.115775000,0.294233333,0.086833333,0.287166667,0.220675000,0.146566667,0.085266667,0.124533333,0.236933333,0.094300000,0.292433333,0.301900000,0.466225000,0.094000000,0.097333333,0.086766667,0.141650000,0.142266667,0.266433333,0.077240000
0.4814 ,0.111233333,0.116275000,0.295433333,0.087200000,0.288300000,0.221800000,0.147433333,0.085833333,0.125633333,0.238200000,0.094833333,0.293700000,0.303125000,0.467025000,0.094200000,0.098100000,0.086866667,0.142275000,0.143566667,0.267600000,0.077560000
0.4828 ,0.112033333,0.116700000,0.296700000,0.087533333,0.289500000,0.222950000,0.148266667,0.086366667,0.126733333,0.239433333,0.095366667,0.295066667,0.304400000,0.467775000,0.094433333,0.098866667,0.086933333,0.142900000,0.144833333,0.268800000,0.077880000
0.4842 ,0.112733333,0.117025000,0.297766667,0.087833333,0.290500000,0.223975000,0.148966667,0.086800000,0.127666667,0.240566667,0.095866667,0.296333333,0.305625000,0.468450000,0.094600000,0.099500000,0.086966667,0.143425000,0.146000000,0.269766667,0.078140000
0.4857 ,0.113866667,0.117750000,0.299666667,0.088400000,0.292400000,0.225650000,0.150300000,0.087633333,0.129133333,0.242233333,0.096633333,0.298166667,0.307350000,0.469825000,0.095033333,0.100500000,0.087166667,0.144325000,0.147633333,0.271566667,0.078660000
0.4871 ,0.114966667,0.118375000,0.301400000,0.088966667,0.294266667,0.227300000,0.151633333,0.088433333,0.130466667,0.243800000,0.097366667,0.299766667,0.308950000,0.471225000,0.095433333,0.101466667,0.087366667,0.145200000,0.149300000,0.273466667,0.079160000
0.4885 ,0.116033333,0.119025000,0.303200000,0.089500000,0.296033333,0.228875000,0.152866667,0.089200000,0.131766667,0.245333333,0.098033333,0.301366667,0.310400000,0.472625000,0.095800000,0.102400000,0.087566667,0.146075000,0.150900000,0.275266667,0.079620000
0.4900 ,0.116633333,0.119350000,0.304300000,0.089733333,0.296966667,0.229900000,0.153400000,0.089600000,0.132566667,0.246433333,0.098433333,0.302500000,0.311475000,0.473200000,0.095933333,0.102966667,0.087600000,0.146575000,0.151933333,0.276266667,0.079940000
0.4914 ,0.117566667,0.119925000,0.306100000,0.090200000,0.298500000,0.231400000,0.154500000,0.090233333,0.133666667,0.248033333,0.099100000,0.304233333,0.313150000,0.474200000,0.096233333,0.103766667,0.087800000,0.147350000,0.153333333,0.277800000,0.080380000
0.4928 ,0.118533333,0.120525000,0.307866667,0.090666667,0.300233333,0.232950000,0.155566667,0.090933333,0.134800000,0.249633333,0.099733333,0.305933333,0.314800000,0.475400000,0.096600000,0.104600000,0.088033333,0.148175000,0.154766667,0.279433333,0.080980000
0.4942 ,0.119500000,0.121100000,0.309733333,0.091233333,0.301966667,0.234600000,0.156733333,0.091600000,0.136000000,0.251333333,0.100466667,0.307700000,0.316450000,0.476625000,0.096966667,0.105466667,0.088333333,0.149000000,0.156266667,0.281200000,0.081560000
0.4956 ,0.120333333,0.121600000,0.311366667,0.091700000,0.303533333,0.236075000,0.157666667,0.092200000,0.137066667,0.252900000,0.101100000,0.309333333,0.317950000,0.477700000,0.097333333,0.106233333,0.088633333,0.149750000,0.157633333,0.282766667,0.082160000
0.4971 ,0.121233333,0.122200000,0.313233333,0.092266667,0.305266667,0.237775000,0.158800000,0.092833333,0.138166667,0.254700000,0.101800000,0.311233333,0.319750000,0.478775000,0.097733333,0.107033333,0.089033333,0.150625000,0.159100000,0.284433333,0.082800000
0.4985 ,0.122200000,0.122775000,0.315133333,0.092833333,0.307133333,0.239525000,0.159966667,0.093566667,0.139333333,0.256533333,0.102600000,0.313133333,0.321550000,0.480000000,0.098233333,0.107900000,0.089500000,0.151550000,0.160600000,0.286266667,0.083580000
0.4999 ,0.123233333,0.123400000,0.317266667,0.093466667,0.309166667,0.241425000,0.161266667,0.094300000,0.140600000,0.258600000,0.103433333,0.315266667,0.323550000,0.481350000,0.098800000,0.108833333,0.090033333,0.152500000,0.162166667,0.288200000,0.084420000
0.5013 ,0.124266667,0.124050000,0.319366667,0.094133333,0.311166667,0.243375000,0.162533333,0.095033333,0.141800000,0.260533333,0.104266667,0.317266667,0.325400000,0.482800000,0.099400000,0.109800000,0.090633333,0.153525000,0.163766667,0.290266667,0.085340000
0.5028 ,0.125366667,0.124750000,0.321633333,0.094833333,0.313300000,0.245350000,0.163933333,0.095866667,0.143133333,0.262566667,0.105100000,0.319366667,0.327375000,0.484275000,0.100133333,0.110800000,0.091333333,0.154525000,0.165466667,0.292366667,0.086340000
0.5042 ,0.126366667,0.125350000,0.323633333,0.095500000,0.315366667,0.247250000,0.165166667,0.096633333,0.144333333,0.264466667,0.105933333,0.321233333,0.329100000,0.485725000,0.100833333,0.111700000,0.092033333,0.155550000,0.167033333,0.294466667,0.087360000
0.5056 ,0.127266667,0.125900000,0.325566667,0.096133333,0.317100000,0.249000000,0.166266667,0.097300000,0.145400000,0.266233333,0.106700000,0.323033333,0.330775000,0.486925000,0.101566667,0.112566667,0.092733333,0.156425000,0.168500000,0.296266667,0.088420000
0.5070 ,0.128233333,0.126500000,0.327666667,0.096866667,0.319100000,0.250900000,0.167500000,0.098000000,0.146566667,0.268200000,0.107533333,0.325033333,0.332600000,0.488225000,0.102400000,0.113433333,0.093533333,0.157400000,0.170000000,0.298233333,0.089600000
0.5084 ,0.129233333,0.127100000,0.329733333,0.097600000,0.321033333,0.252700000,0.168700000,0.098666667,0.147733333,0.270133333,0.108366667,0.327000000,0.334500000,0.489500000,0.103333333,0.114333333,0.094366667,0.158350000,0.171466667,0.300133333,0.090840000
0.5098 ,0.130300000,0.127800000,0.332066667,0.098466667,0.323200000,0.254800000,0.170100000,0.099466667,0.149033333,0.272266667,0.109400000,0.329266667,0.336500000,0.491000000,0.104433333,0.115333333,0.095333333,0.159425000,0.173133333,0.302300000,0.092280000
0.5112 ,0.131200000,0.128325000,0.334066667,0.099266667,0.325033333,0.256650000,0.171266667,0.100166667,0.150066667,0.274200000,0.110233333,0.331200000,0.338325000,0.492200000,0.105533333,0.116200000,0.096233333,0.160350000,0.174600000,0.304133333,0.093720000
0.5127 ,0.132266667,0.129025000,0.336300000,0.100133333,0.327133333,0.258700000,0.172666667,0.100933333,0.151366667,0.276366667,0.111266667,0.333433333,0.340350000,0.493550000,0.106933333,0.117166667,0.097333333,0.161450000,0.176233333,0.306200000,0.095340000
0.5141 ,0.133200000,0.129625000,0.338400000,0.101000000,0.329166667,0.260700000,0.173900000,0.101666667,0.152533333,0.278466667,0.112166667,0.335533333,0.342325000,0.494875000,0.108266667,0.118066667,0.098400000,0.162500000,0.177800000,0.308166667,0.097000000
0.5155 ,0.134300000,0.130325000,0.340800000,0.102033333,0.331333333,0.262900000,0.175433333,0.102500000,0.153866667,0.280800000,0.113266667,0.337933333,0.344525000,0.496275000,0.109866667,0.119066667,0.099566667,0.163675000,0.179500000,0.310300000,0.098880000
0.5169 ,0.135433333,0.131100000,0.343366667,0.103166667,0.333766667,0.265200000,0.177000000,0.103400000,0.155333333,0.283133333,0.114400000,0.340333333,0.346725000,0.497950000,0.111566667,0.120200000,0.100800000,0.164900000,0.181266667,0.312766667,0.100900000
0.5183 ,0.136766667,0.132025000,0.346200000,0.104466667,0.336566667,0.267750000,0.178900000,0.104433333,0.156866667,0.285700000,0.115666667,0.342866667,0.349100000,0.499900000,0.113600000,0.121366667,0.102200000,0.166250000,0.183233333,0.315433333,0.103120000
0.5197 ,0.137933333,0.132675000,0.348633333,0.105633333,0.338933333,0.269975000,0.180400000,0.105300000,0.158233333,0.287866667,0.116733333,0.345100000,0.351125000,0.501625000,0.115566667,0.122400000,0.103466667,0.167525000,0.185000000,0.317900000,0.105340000
0.5211 ,0.138766667,0.133225000,0.350700000,0.106700000,0.340833333,0.271850000,0.181566667,0.106000000,0.159300000,0.289833333,0.117633333,0.347066667,0.352925000,0.502875000,0.117333333,0.123233333,0.104600000,0.168575000,0.186400000,0.319800000,0.107400000
0.5225 ,0.139800000,0.133875000,0.353133333,0.107833333,0.343000000,0.273975000,0.182933333,0.106766667,0.160500000,0.292033333,0.118666667,0.349300000,0.354950000,0.504325000,0.119266667,0.124166667,0.105766667,0.169700000,0.188033333,0.322033333,0.109600000
0.5239 ,0.140700000,0.134425000,0.355266667,0.108900000,0.344933333,0.275950000,0.184100000,0.107433333,0.161566667,0.294066667,0.119533333,0.351333333,0.356850000,0.505575000,0.121100000,0.125000000,0.106833333,0.170800000,0.189533333,0.323933333,0.111740000
0.5253 ,0.141566667,0.134950000,0.357366667,0.110000000,0.346900000,0.277925000,0.185300000,0.108133333,0.162700000,0.296166667,0.120466667,0.353500000,0.358800000,0.506775000,0.122833333,0.125833333,0.107866667,0.171925000,0.190966667,0.325933333,0.113860000
0.5268 ,0.142566667,0.135550000,0.359766667,0.111133333,0.349166667,0.280075000,0.186566667,0.108900000,0.163900000,0.298366667,0.121400000,0.355633333,0.360775000,0.508250000,0.124700000,0.126733333,0.108866667,0.173100000,0.192600000,0.328233333,0.116020000
0.5282 ,0.143566667,0.136125000,0.362266667,0.112300000,0.351500000,0.282325000,0.187866667,0.109700000,0.165100000,0.300566667,0.122366667,0.357833333,0.362775000,0.509800000,0.126533333,0.127666667,0.109833333,0.174375000,0.194266667,0.330666667,0.118180000
0.5296 ,0.144233333,0.136475000,0.363933333,0.113300000,0.353400000,0.284350000,0.188933333,0.110433333,0.166166667,0.302600000,0.123200000,0.359733333,0.364500000,0.511125000,0.128166667,0.128533333,0.110700000,0.175500000,0.195800000,0.332633333,0.120160000
0.5310 ,0.145333333,0.137275000,0.366666667,0.114366667,0.356000000,0.286950000,0.190666667,0.111400000,0.167700000,0.305366667,0.124400000,0.362533333,0.367100000,0.512675000,0.129766667,0.129500000,0.111700000,0.176675000,0.197600000,0.334966667,0.122080000
0.5324 ,0.147133333,0.138625000,0.370666667,0.115933333,0.359600000,0.290400000,0.193300000,0.112766667,0.169833333,0.308966667,0.126100000,0.366200000,0.370525000,0.515100000,0.131733333,0.131000000,0.112933333,0.178525000,0.200133333,0.338433333,0.124300000
0.5338 ,0.149100000,0.140150000,0.375233333,0.117433333,0.363333333,0.293975000,0.196033333,0.114166667,0.172000000,0.312600000,0.127800000,0.369966667,0.374000000,0.517650000,0.133566667,0.132433333,0.114166667,0.180425000,0.202700000,0.342133333,0.126540000
0.5352 ,0.150633333,0.141200000,0.378733333,0.118700000,0.366566667,0.297025000,0.198200000,0.115366667,0.173766667,0.315766667,0.129233333,0.373166667,0.376925000,0.519775000,0.135133333,0.133700000,0.115166667,0.182025000,0.204966667,0.345333333,0.128520000
0.5366 ,0.151733333,0.141875000,0.381400000,0.119633333,0.369000000,0.299525000,0.199633333,0.116233333,0.175066667,0.318366667,0.130233333,0.375700000,0.379175000,0.521325000,0.136200000,0.134700000,0.115866667,0.183400000,0.206800000,0.347766667,0.130160000
0.5380 ,0.152600000,0.142400000,0.383666667,0.120366667,0.371200000,0.301775000,0.200733333,0.117033333,0.176166667,0.320666667,0.131000000,0.377900000,0.381200000,0.522600000,0.137000000,0.135466667,0.116333333,0.184625000,0.208300000,0.349800000,0.131560000
0.5394 ,0.153266667,0.142700000,0.385600000,0.121033333,0.373266667,0.303825000,0.201633333,0.117733333,0.177200000,0.322666667,0.131700000,0.379733333,0.382850000,0.523925000,0.137800000,0.136266667,0.116866667,0.185550000,0.209766667,0.351933333,0.132820000
0.5408 ,0.153966667,0.142900000,0.387366667,0.121400000,0.375066667,0.305600000,0.202400000,0.118266667,0.178033333,0.324466667,0.132233333,0.381366667,0.384300000,0.524950000,0.138366667,0.136866667,0.117266667,0.186200000,0.211100000,0.353833333,0.133800000
0.5422 ,0.154733333,0.143350000,0.389366667,0.122033333,0.377000000,0.307525000,0.203466667,0.118833333,0.179000000,0.326366667,0.132900000,0.383033333,0.385800000,0.526225000,0.138966667,0.137666667,0.117666667,0.187400000,0.212633333,0.355966667,0.135020000
0.5436 ,0.155700000,0.143950000,0.391833333,0.122733333,0.379300000,0.309850000,0.204733333,0.119666667,0.180166667,0.328766667,0.133766667,0.385200000,0.387775000,0.527725000,0.139666667,0.138566667,0.118166667,0.188550000,0.214300000,0.358266667,0.136140000
0.5450 ,0.156900000,0.144825000,0.395000000,0.123666667,0.382500000,0.312975000,0.206633333,0.120866667,0.181866667,0.331900000,0.135033333,0.388400000,0.390675000,0.529700000,0.140566667,0.139666667,0.118900000,0.189925000,0.216433333,0.361166667,0.137460000
0.5464 ,0.158000000,0.145500000,0.397866667,0.124466667,0.385266667,0.315750000,0.208133333,0.121933333,0.183166667,0.334600000,0.136100000,0.391133333,0.393275000,0.531400000,0.141333333,0.140633333,0.119466667,0.191400000,0.218266667,0.363866667,0.138780000
0.5478 ,0.159100000,0.146175000,0.400533333,0.125166667,0.387633333,0.318200000,0.209500000,0.122800000,0.184300000,0.337066667,0.136933333,0.393400000,0.395300000,0.532850000,0.141966667,0.141566667,0.119866667,0.192725000,0.219933333,0.366333333,0.139960000
0.5492 ,0.159933333,0.146650000,0.402733333,0.125800000,0.390266667,0.320700000,0.210733333,0.123700000,0.185500000,0.339533333,0.137833333,0.395700000,0.397350000,0.534450000,0.142566667,0.142466667,0.120233333,0.193825000,0.221733333,0.368766667,0.140940000
0.5505 ,0.160533333,0.146900000,0.404700000,0.126166667,0.392466667,0.322825000,0.211666667,0.124400000,0.186500000,0.341666667,0.138533333,0.397700000,0.399100000,0.535675000,0.142966667,0.143166667,0.120466667,0.194725000,0.223233333,0.370933333,0.141720000
0.5519 ,0.161333333,0.147350000,0.406933333,0.126600000,0.394566667,0.325000000,0.212666667,0.125100000,0.187433333,0.343833333,0.139266667,0.399633333,0.400775000,0.536975000,0.143300000,0.144000000,0.120633333,0.195725000,0.224800000,0.373166667,0.142460000
0.5533 ,0.162100000,0.147700000,0.409000000,0.127000000,0.397000000,0.327425000,0.213766667,0.125966667,0.188533333,0.346200000,0.140100000,0.401833333,0.402725000,0.538325000,0.143533333,0.144766667,0.120733333,0.196625000,0.226466667,0.375466667,0.143000000
0.5547 ,0.162700000,0.147950000,0.410866667,0.127066667,0.398633333,0.329200000,0.214400000,0.126466667,0.189233333,0.347933333,0.140533333,0.403333333,0.403975000,0.539300000,0.143366667,0.145333333,0.120566667,0.197350000,0.227700000,0.377200000,0.143280000
0.5561 ,0.163300000,0.148200000,0.412633333,0.127133333,0.400333333,0.330975000,0.215166667,0.127000000,0.189933333,0.349766667,0.141066667,0.404900000,0.405400000,0.540175000,0.143100000,0.145933333,0.120333333,0.198150000,0.228933333,0.378933333,0.143480000
0.5575 ,0.164200000,0.148700000,0.415066667,0.127333333,0.402500000,0.333175000,0.216266667,0.127733333,0.190933333,0.351933333,0.141833333,0.406900000,0.407125000,0.541400000,0.142833333,0.146700000,0.120133333,0.199125000,0.230433333,0.381066667,0.143680000
0.5589 ,0.164733333,0.148700000,0.416500000,0.127166667,0.404000000,0.334675000,0.216566667,0.128133333,0.191400000,0.353333333,0.142133333,0.407933333,0.407975000,0.542200000,0.142233333,0.147166667,0.119600000,0.199625000,0.231600000,0.382700000,0.143580000
0.5603 ,0.165466667,0.148950000,0.418666667,0.127033333,0.405866667,0.336650000,0.217333333,0.128666667,0.192200000,0.355266667,0.142666667,0.409633333,0.409400000,0.543150000,0.141700000,0.147766667,0.119066667,0.200350000,0.233000000,0.384733333,0.143520000
0.5617 ,0.167433333,0.150325000,0.423233333,0.127866667,0.410166667,0.340825000,0.220333333,0.130333333,0.194500000,0.359466667,0.144566667,0.413666667,0.413100000,0.545950000,0.141966667,0.149433333,0.119233333,0.202200000,0.236033333,0.388800000,0.144220000
0.5631 ,0.169533333,0.151875000,0.428300000,0.128733333,0.414700000,0.345300000,0.223600000,0.132100000,0.197066667,0.364066667,0.146666667,0.418233333,0.417275000,0.548875000,0.142300000,0.151100000,0.119500000,0.204125000,0.239100000,0.393100000,0.144960000
0.5645 ,0.171700000,0.153550000,0.433233333,0.129600000,0.419233333,0.349675000,0.227033333,0.133933333,0.199666667,0.368500000,0.148833333,0.422666667,0.421350000,0.551850000,0.142600000,0.152833333,0.119733333,0.206075000,0.242166667,0.397300000,0.145660000
0.5658 ,0.173800000,0.155100000,0.437933333,0.130466667,0.423800000,0.354100000,0.230466667,0.135766667,0.202233333,0.372966667,0.151000000,0.427066667,0.425450000,0.554825000,0.142800000,0.154633333,0.119966667,0.208025000,0.245233333,0.401500000,0.146220000
0.5672 ,0.175400000,0.156175000,0.441600000,0.130900000,0.427433333,0.357650000,0.233000000,0.137233333,0.204233333,0.376533333,0.152666667,0.430400000,0.428500000,0.557125000,0.142533333,0.156033333,0.119800000,0.209475000,0.247800000,0.404900000,0.146400000
0.5686 ,0.176600000,0.156825000,0.444400000,0.130933333,0.430200000,0.360425000,0.234766667,0.138300000,0.205700000,0.379300000,0.153900000,0.432933333,0.430825000,0.558700000,0.141866667,0.157033333,0.119366667,0.210550000,0.249733333,0.407533333,0.146200000
0.5700 ,0.177800000,0.157500000,0.447266667,0.130966667,0.432933333,0.363250000,0.236633333,0.139466667,0.207200000,0.382066667,0.155166667,0.435400000,0.433075000,0.560375000,0.141133333,0.158133333,0.118866667,0.211575000,0.251800000,0.410266667,0.145880000
0.5714 ,0.178933333,0.158150000,0.449966667,0.130933333,0.435600000,0.365950000,0.238366667,0.140533333,0.208633333,0.384700000,0.156400000,0.437800000,0.435250000,0.562075000,0.140266667,0.159200000,0.118366667,0.212600000,0.253833333,0.412900000,0.145540000
0.5728 ,0.180100000,0.158725000,0.452566667,0.130933333,0.438133333,0.368600000,0.240100000,0.141633333,0.210100000,0.387300000,0.157633333,0.440100000,0.437325000,0.563625000,0.139500000,0.160233333,0.117866667,0.213600000,0.255800000,0.415400000,0.145100000
0.5741 ,0.181200000,0.159325000,0.455100000,0.130900000,0.440566667,0.371125000,0.241866667,0.142700000,0.211500000,0.389866667,0.158933333,0.442433333,0.439475000,0.565100000,0.138633333,0.161266667,0.117466667,0.214525000,0.257700000,0.417700000,0.144680000
0.5755 ,0.182366667,0.159975000,0.457700000,0.130900000,0.443033333,0.373725000,0.243666667,0.143766667,0.213033333,0.392433333,0.160300000,0.444766667,0.441650000,0.566575000,0.137966667,0.162333333,0.117100000,0.215425000,0.259666667,0.420100000,0.144340000
0.5769 ,0.183533333,0.160650000,0.460300000,0.131000000,0.445533333,0.376225000,0.245533333,0.144866667,0.214566667,0.394966667,0.161700000,0.447033333,0.443750000,0.568125000,0.137300000,0.163433333,0.116866667,0.216425000,0.261633333,0.422533333,0.144060000
0.5783 ,0.184666667,0.161250000,0.462700000,0.131100000,0.447866667,0.378675000,0.247300000,0.145966667,0.216033333,0.397300000,0.163066667,0.449100000,0.445675000,0.569575000,0.136666667,0.164500000,0.116700000,0.217350000,0.263566667,0.424833333,0.143820000
0.5797 ,0.185833333,0.161875000,0.465033333,0.131233333,0.450166667,0.381050000,0.249100000,0.147033333,0.217533333,0.399666667,0.164466667,0.451200000,0.447550000,0.571000000,0.136166667,0.165533333,0.116533333,0.218225000,0.265500000,0.427100000,0.143640000
0.5810 ,0.186900000,0.162475000,0.467333333,0.131400000,0.452400000,0.383350000,0.250900000,0.148133333,0.218966667,0.401866667,0.165933333,0.453200000,0.449400000,0.572400000,0.135633333,0.166600000,0.116500000,0.219100000,0.267400000,0.429266667,0.143540000
0.5824 ,0.188000000,0.163075000,0.469500000,0.131600000,0.454400000,0.385550000,0.252700000,0.149200000,0.220400000,0.404066667,0.167400000,0.455100000,0.451175000,0.573625000,0.135266667,0.167600000,0.116533333,0.219975000,0.269200000,0.431233333,0.143480000
0.5838 ,0.189066667,0.163625000,0.471533333,0.131766667,0.456366667,0.387675000,0.254466667,0.150300000,0.221900000,0.406200000,0.168933333,0.457033333,0.452950000,0.574875000,0.134866667,0.168666667,0.116633333,0.220850000,0.270966667,0.433200000,0.143440000
0.5852 ,0.190133333,0.164175000,0.473466667,0.132033333,0.458333333,0.389800000,0.256366667,0.151400000,0.223400000,0.408266667,0.170433333,0.458833333,0.454725000,0.576125000,0.134533333,0.169766667,0.116800000,0.221725000,0.272800000,0.435100000,0.143480000
0.5865 ,0.191166667,0.164700000,0.475400000,0.132133333,0.460166667,0.391850000,0.258300000,0.152466667,0.224900000,0.410300000,0.172033333,0.460600000,0.456500000,0.577250000,0.134166667,0.170800000,0.117066667,0.222550000,0.274533333,0.436833333,0.143500000
0.5879 ,0.192333333,0.165250000,0.477366667,0.132400000,0.462066667,0.393950000,0.260333333,0.153666667,0.226500000,0.412366667,0.173700000,0.462333333,0.458250000,0.578600000,0.133866667,0.171966667,0.117366667,0.223525000,0.276433333,0.438933333,0.143600000
0.5893 ,0.193433333,0.165750000,0.479066667,0.132600000,0.463900000,0.395850000,0.262333333,0.154833333,0.228100000,0.414200000,0.175333333,0.463733333,0.459775000,0.579900000,0.133600000,0.173166667,0.117666667,0.224475000,0.278300000,0.440933333,0.143760000
0.5907 ,0.194533333,0.166275000,0.480866667,0.132900000,0.465700000,0.397750000,0.264333333,0.156000000,0.229700000,0.415933333,0.177000000,0.465033333,0.461150000,0.581150000,0.133400000,0.174333333,0.118000000,0.225350000,0.280166667,0.442833333,0.143920000
0.5921 ,0.195400000,0.166700000,0.482233333,0.133200000,0.467066667,0.399350000,0.265966667,0.157000000,0.230966667,0.417433333,0.178533333,0.466266667,0.462325000,0.582100000,0.133300000,0.175366667,0.118266667,0.226075000,0.281733333,0.444266667,0.144120000
0.5934 ,0.196466667,0.167200000,0.483800000,0.133466667,0.468533333,0.401025000,0.267766667,0.158100000,0.232433333,0.419133333,0.180233333,0.467800000,0.463800000,0.583050000,0.133233333,0.176400000,0.118633333,0.226800000,0.283333333,0.445600000,0.144360000
0.5948 ,0.197533333,0.167700000,0.485433333,0.133866667,0.470033333,0.402700000,0.269633333,0.159166667,0.234000000,0.420733333,0.182000000,0.469233333,0.465225000,0.584125000,0.133266667,0.177466667,0.119066667,0.227575000,0.285000000,0.447100000,0.144700000
0.5962 ,0.198500000,0.168250000,0.486833333,0.134233333,0.471433333,0.404300000,0.271466667,0.160300000,0.235500000,0.422266667,0.183766667,0.470566667,0.466600000,0.585075000,0.133266667,0.178533333,0.119466667,0.228325000,0.286600000,0.448466667,0.145020000
0.5975 ,0.199466667,0.168700000,0.488200000,0.134600000,0.472733333,0.405800000,0.273200000,0.161366667,0.236966667,0.423666667,0.185500000,0.471833333,0.467875000,0.585975000,0.133300000,0.179633333,0.119800000,0.228950000,0.288200000,0.449700000,0.145360000
0.5989 ,0.200433333,0.169200000,0.489500000,0.134966667,0.473966667,0.407200000,0.274966667,0.162466667,0.238433333,0.425133333,0.187233333,0.473100000,0.469175000,0.586850000,0.133400000,0.180700000,0.120100000,0.229600000,0.289733333,0.450833333,0.145620000
0.6003 ,0.201466667,0.169675000,0.490833333,0.135333333,0.475233333,0.408650000,0.276733333,0.163566667,0.239966667,0.426533333,0.188966667,0.474366667,0.470425000,0.587800000,0.133400000,0.181766667,0.120366667,0.230300000,0.291300000,0.452066667,0.145860000
0.6017 ,0.202400000,0.170125000,0.492000000,0.135633333,0.476366667,0.409950000,0.278400000,0.164666667,0.241400000,0.427766667,0.190633333,0.475400000,0.471550000,0.588650000,0.133333333,0.182833333,0.120600000,0.230925000,0.292833333,0.453233333,0.146040000
0.6030 ,0.203400000,0.170575000,0.493166667,0.135900000,0.477466667,0.411275000,0.280100000,0.165833333,0.242900000,0.428966667,0.192266667,0.476400000,0.472650000,0.589450000,0.133166667,0.183933333,0.120700000,0.231500000,0.294333333,0.454333333,0.146100000
0.6044 ,0.204300000,0.171000000,0.494200000,0.136133333,0.478433333,0.412500000,0.281666667,0.166933333,0.244400000,0.430100000,0.193800000,0.477400000,0.473650000,0.590225000,0.132933333,0.185000000,0.120733333,0.232050000,0.295733333,0.455333333,0.146080000
0.6058 ,0.205200000,0.171375000,0.495166667,0.136233333,0.479300000,0.413675000,0.283200000,0.168000000,0.245833333,0.431266667,0.195266667,0.478366667,0.474675000,0.590975000,0.132600000,0.186066667,0.120700000,0.232575000,0.297133333,0.456166667,0.145960000
0.6071 ,0.206166667,0.171800000,0.496200000,0.136333333,0.480233333,0.414800000,0.284766667,0.169166667,0.247366667,0.432366667,0.196766667,0.479300000,0.475775000,0.591675000,0.132233333,0.187133333,0.120633333,0.233075000,0.298566667,0.457100000,0.145700000
0.6085 ,0.207066667,0.172150000,0.497033333,0.136466667,0.481066667,0.415900000,0.286200000,0.170266667,0.248833333,0.433433333,0.198133333,0.480133333,0.476775000,0.592350000,0.131733333,0.188166667,0.120466667,0.233550000,0.299966667,0.457966667,0.145440000
0.6099 ,0.208033333,0.172550000,0.498000000,0.136533333,0.481900000,0.416925000,0.287600000,0.171433333,0.250333333,0.434366667,0.199433333,0.480933333,0.477750000,0.593075000,0.131233333,0.189266667,0.120200000,0.234025000,0.301366667,0.458900000,0.145100000
0.6112 ,0.208933333,0.172900000,0.498733333,0.136566667,0.482566667,0.417925000,0.288900000,0.172566667,0.251766667,0.435333333,0.200633333,0.481633333,0.478600000,0.593700000,0.130700000,0.190300000,0.119966667,0.234425000,0.302666667,0.459700000,0.144720000
0.6126 ,0.209733333,0.173275000,0.499366667,0.136566667,0.483200000,0.418825000,0.290133333,0.173633333,0.253266667,0.436133333,0.201733333,0.482333333,0.479475000,0.594250000,0.130100000,0.191333333,0.119633333,0.234725000,0.303933333,0.460300000,0.144280000
0.6140 ,0.210600000,0.173575000,0.500033333,0.136600000,0.483733333,0.419650000,0.291233333,0.174733333,0.254666667,0.436900000,0.202833333,0.482933333,0.480275000,0.594700000,0.129533333,0.192300000,0.119333333,0.235050000,0.305133333,0.460833333,0.143880000
0.6153 ,0.211533333,0.173975000,0.500833333,0.136633333,0.484433333,0.420600000,0.292433333,0.175900000,0.256166667,0.437766667,0.203900000,0.483600000,0.481150000,0.595475000,0.129033333,0.193400000,0.119033333,0.235450000,0.306533333,0.461666667,0.143520000
0.6167 ,0.212500000,0.174350000,0.501666667,0.136766667,0.485233333,0.421675000,0.293733333,0.177100000,0.257766667,0.438766667,0.205033333,0.484466667,0.482125000,0.596175000,0.128566667,0.194533333,0.118833333,0.235850000,0.307900000,0.462533333,0.143220000
0.6181 ,0.213500000,0.174750000,0.502566667,0.136966667,0.486000000,0.422700000,0.294966667,0.178366667,0.259366667,0.439733333,0.206066667,0.485233333,0.483075000,0.596950000,0.128200000,0.195733333,0.118666667,0.236375000,0.309366667,0.463466667,0.143040000
0.6194 ,0.214266667,0.174975000,0.503000000,0.137000000,0.486400000,0.423400000,0.295900000,0.179400000,0.260666667,0.440333333,0.206966667,0.485700000,0.483750000,0.597325000,0.127833333,0.196733333,0.118500000,0.236675000,0.310466667,0.463866667,0.142800000
0.6208 ,0.215066667,0.175300000,0.503433333,0.137033333,0.486600000,0.423975000,0.296833333,0.180433333,0.261966667,0.440900000,0.207866667,0.486100000,0.484350000,0.597625000,0.127466667,0.197633333,0.118400000,0.236925000,0.311433333,0.464100000,0.142600000
0.6222 ,0.215833333,0.175625000,0.503800000,0.137200000,0.486866667,0.424575000,0.297800000,0.181500000,0.263333333,0.441500000,0.208766667,0.486533333,0.484975000,0.597950000,0.127200000,0.198566667,0.118333333,0.237200000,0.312500000,0.464333333,0.142460000
0.6235 ,0.216800000,0.176000000,0.504500000,0.137400000,0.487366667,0.425400000,0.298966667,0.182700000,0.264833333,0.442233333,0.209833333,0.487066667,0.485775000,0.598475000,0.127066667,0.199700000,0.118433333,0.237625000,0.313700000,0.464933333,0.142480000
0.6249 ,0.217733333,0.176350000,0.505100000,0.137633333,0.488000000,0.426300000,0.300166667,0.183933333,0.266400000,0.443033333,0.210900000,0.487666667,0.486575000,0.599075000,0.126966667,0.200900000,0.118666667,0.238100000,0.315000000,0.465633333,0.142580000
0.6262 ,0.218700000,0.176725000,0.505766667,0.137900000,0.488533333,0.427150000,0.301333333,0.185166667,0.267900000,0.443733333,0.211900000,0.488200000,0.487375000,0.599700000,0.126900000,0.202066667,0.119000000,0.238575000,0.316333333,0.466233333,0.142720000
0.6276 ,0.219566667,0.177000000,0.506166667,0.138166667,0.489033333,0.427950000,0.302433333,0.186366667,0.269366667,0.444366667,0.212900000,0.488633333,0.488075000,0.600300000,0.126866667,0.203233333,0.119366667,0.239025000,0.317533333,0.466833333,0.142880000
0.6290 ,0.220500000,0.177300000,0.506666667,0.138433333,0.489433333,0.428600000,0.303433333,0.187466667,0.270800000,0.444933333,0.213866667,0.489033333,0.488675000,0.600775000,0.126833333,0.204333333,0.119766667,0.239425000,0.318700000,0.467333333,0.143080000
0.6303 ,0.221366667,0.177625000,0.507233333,0.138766667,0.489933333,0.429350000,0.304533333,0.188666667,0.272266667,0.445600000,0.214866667,0.489466667,0.489325000,0.601400000,0.126900000,0.205466667,0.120233333,0.239850000,0.319900000,0.467966667,0.143320000
0.6317 ,0.222266667,0.178025000,0.507766667,0.139033333,0.490366667,0.430025000,0.305500000,0.189800000,0.273666667,0.446200000,0.215866667,0.490000000,0.490000000,0.601950000,0.126966667,0.206566667,0.120733333,0.240250000,0.321033333,0.468466667,0.143560000
0.6330 ,0.223266667,0.178425000,0.508466667,0.139433333,0.490900000,0.430875000,0.306600000,0.191066667,0.275266667,0.446966667,0.216800000,0.490600000,0.490850000,0.602525000,0.126933333,0.207733333,0.121233333,0.240725000,0.322333333,0.469100000,0.143840000
0.6344 ,0.224200000,0.178850000,0.509166667,0.139700000,0.491466667,0.431700000,0.307633333,0.192333333,0.276733333,0.447733333,0.217733333,0.491266667,0.491725000,0.603050000,0.126900000,0.208933333,0.121733333,0.241175000,0.323600000,0.469633333,0.144080000
0.6357 ,0.225266667,0.179400000,0.510166667,0.140133333,0.492433333,0.432950000,0.309033333,0.193800000,0.278600000,0.449033333,0.218900000,0.492433333,0.493125000,0.603850000,0.126900000,0.210166667,0.122300000,0.241625000,0.325100000,0.470600000,0.144300000
0.6371 ,0.226700000,0.180275000,0.511733333,0.140733333,0.493566667,0.434375000,0.310700000,0.195400000,0.280600000,0.450466667,0.220000000,0.493700000,0.494600000,0.604850000,0.126866667,0.211566667,0.122766667,0.242225000,0.326733333,0.471633333,0.144480000
0.6385 ,0.228366667,0.181300000,0.513633333,0.141366667,0.494733333,0.435775000,0.312333333,0.196966667,0.282533333,0.451766667,0.221133333,0.494900000,0.495975000,0.605925000,0.126800000,0.212966667,0.123233333,0.242950000,0.328433333,0.472766667,0.144560000
0.6398 ,0.229466667,0.181750000,0.514333333,0.141600000,0.495100000,0.436475000,0.313066667,0.198066667,0.283833333,0.452233333,0.221500000,0.495200000,0.496425000,0.606600000,0.126466667,0.214133333,0.123433333,0.243450000,0.329600000,0.473300000,0.144480000
0.6412 ,0.230266667,0.181925000,0.514700000,0.141633333,0.495633333,0.437250000,0.313466667,0.199266667,0.285300000,0.452900000,0.221733333,0.495800000,0.497175000,0.607150000,0.126033333,0.215100000,0.123533333,0.243675000,0.330800000,0.473866667,0.144280000
0.6425 ,0.231033333,0.182150000,0.515200000,0.141800000,0.496200000,0.438075000,0.313766667,0.200500000,0.286833333,0.453600000,0.221800000,0.496366667,0.497900000,0.607675000,0.125566667,0.216133333,0.123600000,0.244100000,0.332000000,0.474566667,0.144080000
0.6439 ,0.231833333,0.182300000,0.515766667,0.141766667,0.496600000,0.438875000,0.313966667,0.201600000,0.288233333,0.454266667,0.221800000,0.496966667,0.498650000,0.608200000,0.125033333,0.217166667,0.123633333,0.244425000,0.333200000,0.475166667,0.143760000
0.6452 ,0.232566667,0.182375000,0.516200000,0.141566667,0.497100000,0.439750000,0.314233333,0.202700000,0.289700000,0.455000000,0.221766667,0.497500000,0.499450000,0.608700000,0.124500000,0.218133333,0.123633333,0.244300000,0.334366667,0.475833333,0.143340000
0.6466 ,0.233200000,0.182475000,0.516300000,0.141433333,0.497100000,0.440075000,0.314266667,0.203633333,0.290800000,0.455266667,0.221466667,0.497433333,0.499700000,0.609000000,0.123766667,0.219000000,0.123533333,0.244475000,0.335366667,0.476166667,0.142880000
0.6479 ,0.233866667,0.182725000,0.516533333,0.141500000,0.497233333,0.440575000,0.314366667,0.204700000,0.291966667,0.455566667,0.221233333,0.497566667,0.500125000,0.609400000,0.123166667,0.219933333,0.123433333,0.245025000,0.336266667,0.476500000,0.142500000
0.6493 ,0.234866667,0.183125000,0.517500000,0.141600000,0.498166667,0.441750000,0.315033333,0.206200000,0.293700000,0.456600000,0.221500000,0.498500000,0.501275000,0.610300000,0.122833333,0.221066667,0.123566667,0.245225000,0.337700000,0.477500000,0.142140000
0.6506 ,0.235700000,0.183425000,0.518100000,0.141733333,0.498733333,0.442675000,0.315433333,0.207466667,0.295200000,0.457333333,0.221600000,0.499266667,0.502175000,0.610850000,0.122500000,0.222033333,0.123766667,0.245525000,0.338833333,0.478100000,0.141820000
0.6520 ,0.236433333,0.183650000,0.518433333,0.141766667,0.498866667,0.443225000,0.315633333,0.208533333,0.296333333,0.457733333,0.221566667,0.499600000,0.502675000,0.611100000,0.122000000,0.222900000,0.123900000,0.245925000,0.339666667,0.478333333,0.141540000
0.6533 ,0.236966667,0.183775000,0.518666667,0.141666667,0.498833333,0.443700000,0.315633333,0.209400000,0.297466667,0.458200000,0.221466667,0.500000000,0.503225000,0.611275000,0.121566667,0.223700000,0.124100000,0.246050000,0.340533333,0.478400000,0.141120000
0.6547 ,0.237700000,0.183975000,0.519266667,0.141700000,0.499333333,0.444500000,0.315933333,0.210533333,0.298966667,0.459066667,0.221633333,0.500733333,0.504175000,0.611725000,0.121200000,0.224600000,0.124366667,0.246075000,0.341533333,0.478833333,0.140700000
0.6560 ,0.238433333,0.184125000,0.519500000,0.141666667,0.499566667,0.445100000,0.316000000,0.211666667,0.300233333,0.459366667,0.221433333,0.500933333,0.504575000,0.612300000,0.120666667,0.225566667,0.124466667,0.246300000,0.342666667,0.479533333,0.140240000
0.6574 ,0.239233333,0.184375000,0.520066667,0.141700000,0.499966667,0.445850000,0.316166667,0.213033333,0.301666667,0.459800000,0.221133333,0.501200000,0.505050000,0.612975000,0.120033333,0.226633333,0.124433333,0.246600000,0.343900000,0.480266667,0.139680000
0.6587 ,0.239700000,0.184375000,0.519966667,0.141566667,0.500300000,0.446500000,0.315900000,0.214100000,0.302866667,0.460166667,0.220566667,0.501433333,0.505475000,0.613400000,0.119333333,0.227366667,0.124166667,0.246625000,0.344800000,0.480633333,0.138880000
0.6601 ,0.239866667,0.184150000,0.519533333,0.141000000,0.499333333,0.446150000,0.314766667,0.214600000,0.303433333,0.459733333,0.219333333,0.500933333,0.505075000,0.612925000,0.118366667,0.227633333,0.123533333,0.246375000,0.344966667,0.480000000,0.137880000
0.6614 ,0.240500000,0.184300000,0.519966667,0.140800000,0.499100000,0.446450000,0.314333333,0.215466667,0.304466667,0.459900000,0.218533333,0.501133333,0.505400000,0.613000000,0.117466667,0.228233333,0.122866667,0.246375000,0.345666667,0.479933333,0.136980000
0.6628 ,0.241100000,0.184350000,0.520233333,0.140566667,0.499333333,0.447175000,0.314033333,0.216566667,0.305766667,0.460533333,0.217766667,0.501700000,0.506100000,0.613425000,0.116733333,0.229000000,0.122300000,0.246400000,0.346666667,0.480366667,0.136100000
0.6641 ,0.241433333,0.184125000,0.519966667,0.140100000,0.498800000,0.447200000,0.312966667,0.217300000,0.306666667,0.460300000,0.216466667,0.501366667,0.505950000,0.613350000,0.115833333,0.229400000,0.121466667,0.246100000,0.347166667,0.480133333,0.135080000
0.6655 ,0.242566667,0.184700000,0.521100000,0.140233333,0.499333333,0.448275000,0.313400000,0.218700000,0.308433333,0.461200000,0.216133333,0.502200000,0.506950000,0.614225000,0.115366667,0.230466667,0.120866667,0.246550000,0.348566667,0.481033333,0.134520000
0.6668 ,0.244433333,0.185925000,0.523466667,0.140933333,0.501366667,0.450700000,0.315366667,0.220866667,0.311133333,0.463533333,0.216766667,0.504566667,0.509475000,0.615950000,0.115200000,0.232033333,0.120700000,0.247500000,0.350766667,0.482966667,0.134320000
0.6682 ,0.246166667,0.187050000,0.525833333,0.141633333,0.503300000,0.453000000,0.317133333,0.222933333,0.313733333,0.465800000,0.217500000,0.506900000,0.511975000,0.617575000,0.115166667,0.233700000,0.120566667,0.248450000,0.352933333,0.484866667,0.134240000
0.6695 ,0.246900000,0.187350000,0.526366667,0.141700000,0.503633333,0.453800000,0.317300000,0.224166667,0.315133333,0.466433333,0.217300000,0.507533333,0.512825000,0.618125000,0.114800000,0.234500000,0.120233333,0.248700000,0.353966667,0.485433333,0.133960000
0.6708 ,0.247633333,0.187600000,0.526866667,0.141766667,0.503800000,0.454450000,0.317533333,0.225266667,0.316433333,0.466866667,0.217133333,0.507933333,0.513400000,0.618550000,0.114533333,0.235333333,0.119966667,0.248950000,0.355000000,0.485900000,0.133740000
0.6722 ,0.248433333,0.187925000,0.527466667,0.141900000,0.504200000,0.455250000,0.317966667,0.226533333,0.317866667,0.467500000,0.217233333,0.508466667,0.514075000,0.619050000,0.114400000,0.236233333,0.119833333,0.249225000,0.355966667,0.486433333,0.133660000
0.6735 ,0.249300000,0.188275000,0.528166667,0.142066667,0.504600000,0.456050000,0.318566667,0.227766667,0.319266667,0.468166667,0.217566667,0.509066667,0.514850000,0.619625000,0.114300000,0.237233333,0.119800000,0.249625000,0.357066667,0.487000000,0.133680000
0.6749 ,0.250100000,0.188575000,0.528633333,0.142300000,0.505133333,0.456875000,0.319266667,0.229033333,0.320733333,0.468866667,0.218000000,0.509666667,0.515600000,0.620125000,0.114300000,0.238200000,0.119833333,0.250025000,0.358166667,0.487533333,0.133780000
0.6762 ,0.251000000,0.188925000,0.529300000,0.142566667,0.505666667,0.457700000,0.320100000,0.230333333,0.322233333,0.469700000,0.218600000,0.510300000,0.516500000,0.620675000,0.114333333,0.239233333,0.120000000,0.250375000,0.359200000,0.488033333,0.133920000
0.6775 ,0.251833333,0.189250000,0.529866667,0.142866667,0.506133333,0.458475000,0.320933333,0.231533333,0.323600000,0.470300000,0.219233333,0.510833333,0.517250000,0.621200000,0.114433333,0.240333333,0.120300000,0.250775000,0.360266667,0.488633333,0.134160000
0.6789 ,0.252633333,0.189575000,0.530366667,0.143200000,0.506633333,0.459275000,0.321866667,0.232833333,0.325000000,0.471000000,0.220133333,0.511433333,0.517950000,0.621725000,0.114633333,0.241433333,0.120766667,0.251225000,0.361300000,0.489200000,0.134560000
0.6802 ,0.253633333,0.190000000,0.531066667,0.143600000,0.507266667,0.460125000,0.323033333,0.234100000,0.326433333,0.471733333,0.221266667,0.512033333,0.518800000,0.622175000,0.114966667,0.242566667,0.121466667,0.251675000,0.362366667,0.489700000,0.135020000
0.6816 ,0.254500000,0.190375000,0.531633333,0.144066667,0.507933333,0.460900000,0.324466667,0.235366667,0.327833333,0.472433333,0.222800000,0.512566667,0.519525000,0.622825000,0.115466667,0.243866667,0.122566667,0.252250000,0.363466667,0.490366667,0.135760000
0.6829 ,0.255533333,0.190825000,0.532300000,0.144700000,0.508633333,0.461725000,0.326300000,0.236700000,0.329266667,0.473300000,0.224866667,0.513166667,0.520375000,0.623275000,0.116200000,0.245233333,0.124033333,0.252875000,0.364566667,0.490866667,0.136720000
0.6842 ,0.256333333,0.191075000,0.532666667,0.145200000,0.508866667,0.462175000,0.327966667,0.237700000,0.330366667,0.473833333,0.227133333,0.513566667,0.520975000,0.623500000,0.117033333,0.246400000,0.125933333,0.253325000,0.365366667,0.490966667,0.137900000
0.6856 ,0.257500000,0.191525000,0.533466667,0.146000000,0.509633333,0.463050000,0.330600000,0.239033333,0.331933333,0.474866667,0.230400000,0.514300000,0.522125000,0.624025000,0.118333333,0.248000000,0.128566667,0.254100000,0.366366667,0.491400000,0.139540000
0.6869 ,0.258766667,0.192025000,0.534066667,0.147133333,0.510666667,0.464050000,0.333900000,0.240633333,0.333666667,0.475800000,0.234400000,0.514833333,0.523075000,0.624925000,0.120133333,0.249966667,0.132033333,0.255175000,0.367733333,0.492300000,0.141860000
0.6882 ,0.260400000,0.192875000,0.535166667,0.148566667,0.512100000,0.465275000,0.338000000,0.242433333,0.335633333,0.476966667,0.239233333,0.515500000,0.524075000,0.626175000,0.122633333,0.252200000,0.136300000,0.256575000,0.369433333,0.493666667,0.144800000
0.6896 ,0.261600000,0.193400000,0.535466667,0.149933333,0.513233333,0.466125000,0.341733333,0.244000000,0.337133333,0.477733333,0.244033333,0.515733333,0.524575000,0.627075000,0.125433333,0.254300000,0.141033333,0.257900000,0.370833333,0.494733333,0.148180000
0.6909 ,0.262600000,0.193800000,0.535633333,0.151200000,0.514033333,0.466825000,0.345333333,0.245333333,0.338433333,0.478433333,0.248866667,0.516066667,0.525100000,0.627450000,0.128466667,0.256033333,0.146033333,0.259150000,0.371866667,0.495266667,0.151760000
0.6923 ,0.263800000,0.194400000,0.536100000,0.152700000,0.514733333,0.467475000,0.349200000,0.246633333,0.339800000,0.479133333,0.253966667,0.516333333,0.525650000,0.627900000,0.132033333,0.257900000,0.151633333,0.260600000,0.373066667,0.496033333,0.155960000
0.6936 ,0.265100000,0.195075000,0.536666667,0.154400000,0.515633333,0.468300000,0.353366667,0.248100000,0.341300000,0.480033333,0.259266667,0.516700000,0.526325000,0.628425000,0.136233333,0.259866667,0.157766667,0.262225000,0.374333333,0.496833333,0.160700000
0.6949 ,0.266366667,0.195775000,0.537333333,0.156500000,0.516600000,0.469150000,0.357633333,0.249600000,0.342900000,0.480966667,0.264900000,0.517233333,0.527100000,0.629125000,0.140966667,0.261800000,0.164366667,0.264025000,0.375633333,0.497700000,0.166020000
0.6963 ,0.267566667,0.196400000,0.537800000,0.158666667,0.517500000,0.469875000,0.361600000,0.251000000,0.344266667,0.481800000,0.270333333,0.517833333,0.527875000,0.629675000,0.146000000,0.263600000,0.171133333,0.265675000,0.376700000,0.498133333,0.171480000
0.6976 ,0.268600000,0.197025000,0.538233333,0.160933333,0.518133333,0.470525000,0.365400000,0.252266667,0.345633333,0.482633333,0.275466667,0.518366667,0.528675000,0.630075000,0.151166667,0.265200000,0.177900000,0.267300000,0.377666667,0.498433333,0.177100000
0.6989 ,0.269733333,0.197550000,0.538633333,0.163400000,0.518800000,0.471300000,0.369200000,0.253566667,0.347033333,0.483366667,0.280500000,0.518900000,0.529400000,0.630600000,0.156633333,0.266966667,0.184933333,0.269225000,0.378833333,0.499066667,0.183060000
0.7002 ,0.270900000,0.198200000,0.539133333,0.166166667,0.519766667,0.472150000,0.373133333,0.255100000,0.348633333,0.484233333,0.285533333,0.519400000,0.530200000,0.631325000,0.162533333,0.268800000,0.192266667,0.271250000,0.380066667,0.499866667,0.189380000
0.7016 ,0.272033333,0.198875000,0.539633333,0.169100000,0.520666667,0.473025000,0.376966667,0.256533333,0.350200000,0.485033333,0.290333333,0.519966667,0.531050000,0.631975000,0.168700000,0.270600000,0.199666667,0.273300000,0.381333333,0.500633333,0.195860000
0.7029 ,0.273133333,0.199550000,0.540166667,0.172166667,0.521500000,0.473825000,0.380400000,0.258000000,0.351700000,0.485833333,0.294966667,0.520500000,0.531875000,0.632500000,0.174900000,0.272233333,0.206933333,0.275150000,0.382433333,0.501133333,0.202300000
0.7042 ,0.274266667,0.200200000,0.540700000,0.175200000,0.522233333,0.474525000,0.383633333,0.259300000,0.353100000,0.486566667,0.299233333,0.521100000,0.532625000,0.633050000,0.181133333,0.273766667,0.214033333,0.277025000,0.383400000,0.501633333,0.208720000
0.7056 ,0.275200000,0.200825000,0.541166667,0.178266667,0.522833333,0.475300000,0.386666667,0.260666667,0.354500000,0.487333333,0.303266667,0.521666667,0.533475000,0.633475000,0.187366667,0.275300000,0.221100000,0.278850000,0.384433333,0.502033333,0.215060000
0.7069 ,0.276233333,0.201400000,0.541633333,0.181433333,0.523433333,0.475975000,0.389533333,0.261966667,0.355866667,0.488033333,0.307066667,0.522166667,0.534200000,0.633975000,0.193766667,0.276766667,0.228133333,0.280750000,0.385400000,0.502433333,0.221440000
0.7082 ,0.277266667,0.202050000,0.542166667,0.184766667,0.524033333,0.476700000,0.392366667,0.263300000,0.357300000,0.488766667,0.310666667,0.522733333,0.534925000,0.634650000,0.200333333,0.278266667,0.235166667,0.282600000,0.386500000,0.503100000,0.227880000
0.7096 ,0.278233333,0.202600000,0.542600000,0.188133333,0.524566667,0.477400000,0.394966667,0.264600000,0.358633333,0.489366667,0.314066667,0.523233333,0.535575000,0.635050000,0.207000000,0.279666667,0.242133333,0.284475000,0.387466667,0.503533333,0.234220000
0.7109 ,0.279166667,0.203150000,0.543033333,0.191666667,0.525300000,0.478200000,0.397600000,0.265966667,0.360066667,0.490133333,0.317400000,0.523833333,0.536475000,0.635625000,0.213766667,0.281100000,0.249233333,0.286325000,0.388466667,0.504066667,0.240620000
0.7122 ,0.280133333,0.203700000,0.543333333,0.195200000,0.525766667,0.478825000,0.399933333,0.267200000,0.361366667,0.490766667,0.320466667,0.524266667,0.537100000,0.636075000,0.220566667,0.282500000,0.256233333,0.288150000,0.389433333,0.504466667,0.246900000
0.7135 ,0.281033333,0.204225000,0.543833333,0.198733333,0.526266667,0.479475000,0.402266667,0.268466667,0.362600000,0.491400000,0.323266667,0.524700000,0.537775000,0.636425000,0.227433333,0.283833333,0.263266667,0.290000000,0.390333333,0.504966667,0.253100000
0.7149 ,0.281733333,0.204600000,0.544033333,0.201966667,0.526366667,0.479875000,0.404266667,0.269500000,0.363633333,0.491833333,0.325600000,0.524700000,0.538250000,0.636575000,0.233866667,0.284933333,0.270033333,0.291725000,0.391000000,0.505200000,0.258880000
0.7162 ,0.282700000,0.205125000,0.544566667,0.205233333,0.526700000,0.480475000,0.406566667,0.270700000,0.364933333,0.492400000,0.327866667,0.524766667,0.538825000,0.636925000,0.240333333,0.286366667,0.277066667,0.293725000,0.392033333,0.506000000,0.264780000
0.7175 ,0.283833333,0.205675000,0.545000000,0.208933333,0.527366667,0.481400000,0.409266667,0.272266667,0.366566667,0.492966667,0.330166667,0.524700000,0.539375000,0.637800000,0.247566667,0.288133333,0.284733333,0.296050000,0.393466667,0.507500000,0.271280000
0.7188 ,0.285333333,0.206650000,0.546066667,0.213800000,0.528933333,0.482900000,0.412466667,0.274333333,0.368733333,0.494100000,0.333100000,0.525266667,0.540400000,0.639325000,0.256033333,0.290233333,0.293233333,0.298625000,0.395300000,0.509433333,0.278540000
0.7202 ,0.286266667,0.207200000,0.546333333,0.218600000,0.529733333,0.483750000,0.414566667,0.275966667,0.370233333,0.494600000,0.335700000,0.525700000,0.540925000,0.640225000,0.264466667,0.291833333,0.301100000,0.300600000,0.396600000,0.510333333,0.285300000
0.7215 ,0.286833333,0.207550000,0.546366667,0.222833333,0.529933333,0.484025000,0.415800000,0.276900000,0.371133333,0.494966667,0.337933333,0.526166667,0.541475000,0.640225000,0.271700000,0.292766667,0.307700000,0.301950000,0.397000000,0.510033333,0.290740000
0.7228 ,0.287433333,0.207875000,0.546600000,0.226633333,0.529933333,0.484350000,0.417166667,0.277766667,0.372133333,0.495333333,0.339833333,0.526500000,0.541975000,0.640250000,0.278433333,0.293700000,0.314166667,0.303350000,0.397533333,0.509900000,0.295900000
0.7241 ,0.288400000,0.208425000,0.547200000,0.230800000,0.530400000,0.485050000,0.418966667,0.279066667,0.373466667,0.496033333,0.341833333,0.526966667,0.542725000,0.640675000,0.285533333,0.295000000,0.321033333,0.305050000,0.398433333,0.510366667,0.301280000
0.7254 ,0.289500000,0.209125000,0.547833333,0.235266667,0.531166667,0.486025000,0.421100000,0.280600000,0.375100000,0.496766667,0.344033333,0.527333333,0.543525000,0.641500000,0.293066667,0.296566667,0.328233333,0.306975000,0.399700000,0.511366667,0.307000000
0.7268 ,0.290233333,0.209500000,0.547966667,0.239566667,0.531533333,0.486550000,0.422566667,0.281866667,0.376300000,0.497133333,0.345766667,0.527600000,0.544000000,0.642050000,0.300166667,0.297833333,0.334866667,0.308625000,0.400600000,0.511900000,0.312160000
0.7281 ,0.291133333,0.210000000,0.548400000,0.243833333,0.531966667,0.487075000,0.423966667,0.283066667,0.377533333,0.497666667,0.347566667,0.528000000,0.544575000,0.642450000,0.306966667,0.299000000,0.341100000,0.310125000,0.401400000,0.512166667,0.316980000
0.7294 ,0.291900000,0.210425000,0.548633333,0.248266667,0.532500000,0.487825000,0.425500000,0.284400000,0.378933333,0.498266667,0.349466667,0.528566667,0.545325000,0.643050000,0.313833333,0.300333333,0.347200000,0.311575000,0.402333333,0.512666667,0.321660000
0.7307 ,0.292833333,0.210950000,0.549033333,0.252666667,0.533166667,0.488575000,0.426966667,0.285733333,0.380366667,0.498833333,0.351333333,0.529166667,0.546050000,0.643650000,0.320533333,0.301566667,0.353133333,0.312950000,0.403266667,0.513066667,0.326200000
0.7320 ,0.293600000,0.211475000,0.549433333,0.257000000,0.533666667,0.489175000,0.428100000,0.286933333,0.381566667,0.499366667,0.353100000,0.529800000,0.546750000,0.644025000,0.326866667,0.302633333,0.358500000,0.314100000,0.403966667,0.513133333,0.330280000
0.7333 ,0.294233333,0.211850000,0.549700000,0.261000000,0.533933333,0.489575000,0.429100000,0.288033333,0.382700000,0.499866667,0.354766667,0.530466667,0.547450000,0.644225000,0.332500000,0.303566667,0.363300000,0.315075000,0.404466667,0.512933333,0.333840000
0.7347 ,0.294900000,0.212225000,0.549900000,0.264733333,0.534233333,0.490075000,0.430100000,0.289133333,0.383866667,0.500466667,0.356300000,0.531066667,0.548225000,0.644475000,0.337800000,0.304566667,0.367833333,0.316075000,0.405133333,0.512900000,0.337140000
0.7360 ,0.295666667,0.212650000,0.550266667,0.268300000,0.534566667,0.490675000,0.431266667,0.290266667,0.385066667,0.500966667,0.357833333,0.531633333,0.549000000,0.644750000,0.342766667,0.305633333,0.372300000,0.317100000,0.405800000,0.513000000,0.340280000
0.7373 ,0.296466667,0.213075000,0.550633333,0.271733333,0.535033333,0.491275000,0.432466667,0.291500000,0.386400000,0.501533333,0.359300000,0.532166667,0.549650000,0.645225000,0.347700000,0.306766667,0.376666667,0.318175000,0.406666667,0.513400000,0.343400000
0.7386 ,0.297266667,0.213475000,0.550900000,0.275000000,0.535300000,0.491675000,0.433500000,0.292600000,0.387500000,0.501833333,0.360666667,0.532433333,0.550100000,0.645675000,0.352266667,0.307900000,0.380733333,0.319200000,0.407466667,0.513700000,0.346280000
0.7399 ,0.298066667,0.213925000,0.551266667,0.278233333,0.535666667,0.492150000,0.434600000,0.293800000,0.388766667,0.502200000,0.362133333,0.532766667,0.550650000,0.646125000,0.356633333,0.309000000,0.384566667,0.320125000,0.408266667,0.514000000,0.348980000
0.7412 ,0.298866667,0.214350000,0.551600000,0.281266667,0.536200000,0.492825000,0.435800000,0.295033333,0.390066667,0.502766667,0.363633333,0.533366667,0.551350000,0.646550000,0.360600000,0.310100000,0.388066667,0.321025000,0.409000000,0.514200000,0.351480000
0.7425 ,0.299566667,0.214725000,0.551800000,0.284000000,0.536500000,0.493300000,0.436866667,0.296200000,0.391233333,0.503200000,0.364966667,0.533766667,0.551875000,0.646875000,0.364233333,0.311166667,0.391333333,0.321850000,0.409733333,0.514433333,0.353680000
0.7438 ,0.300366667,0.215075000,0.552100000,0.286500000,0.536766667,0.493850000,0.437966667,0.297433333,0.392466667,0.503666667,0.366366667,0.534233333,0.552550000,0.647300000,0.367600000,0.312300000,0.394433333,0.322725000,0.410533333,0.514766667,0.355760000
0.7451 ,0.301066667,0.215525000,0.552433333,0.288833333,0.537133333,0.494375000,0.439033333,0.298666667,0.393733333,0.504233333,0.367700000,0.534633333,0.553225000,0.647575000,0.370533333,0.313300000,0.397233333,0.323450000,0.411200000,0.514966667,0.357540000
0.7465 ,0.301866667,0.215875000,0.552766667,0.291000000,0.537466667,0.494900000,0.440166667,0.299800000,0.395000000,0.504666667,0.369000000,0.535000000,0.553825000,0.647975000,0.373333333,0.314400000,0.399900000,0.324200000,0.412000000,0.515266667,0.359260000
0.7478 ,0.302633333,0.216225000,0.553000000,0.292966667,0.537833333,0.495475000,0.441200000,0.301000000,0.396200000,0.505166667,0.370266667,0.535333333,0.554350000,0.648375000,0.375833333,0.315500000,0.402366667,0.324950000,0.412733333,0.515633333,0.360780000
0.7491 ,0.303500000,0.216675000,0.553466667,0.294766667,0.538100000,0.495775000,0.442166667,0.302100000,0.397366667,0.505466667,0.371366667,0.535533333,0.554775000,0.648775000,0.378166667,0.316633333,0.404666667,0.325625000,0.413500000,0.515866667,0.362220000
0.7504 ,0.304200000,0.216950000,0.553533333,0.296466667,0.538400000,0.496225000,0.443200000,0.303266667,0.398566667,0.505733333,0.372533333,0.535800000,0.555250000,0.649225000,0.380300000,0.317733333,0.406900000,0.326325000,0.414266667,0.516233333,0.363580000
0.7517 ,0.305033333,0.217350000,0.553900000,0.298033333,0.538766667,0.496775000,0.444266667,0.304466667,0.399866667,0.506200000,0.373766667,0.536166667,0.555850000,0.649575000,0.382200000,0.318833333,0.408866667,0.326900000,0.415000000,0.516500000,0.364760000
0.7530 ,0.305700000,0.217625000,0.554033333,0.299500000,0.539066667,0.497225000,0.445266667,0.305600000,0.401100000,0.506633333,0.374933333,0.536466667,0.556425000,0.649950000,0.383900000,0.319933333,0.410733333,0.327500000,0.415733333,0.516833333,0.365820000
0.7543 ,0.306433333,0.217950000,0.554166667,0.300800000,0.539200000,0.497625000,0.446166667,0.306733333,0.402266667,0.507033333,0.376066667,0.536800000,0.556900000,0.650300000,0.385433333,0.320966667,0.412466667,0.328075000,0.416433333,0.517000000,0.366760000
0.7556 ,0.307166667,0.218275000,0.554500000,0.301933333,0.539533333,0.498150000,0.447200000,0.307933333,0.403433333,0.507466667,0.377233333,0.537200000,0.557550000,0.650575000,0.386800000,0.322000000,0.413933333,0.328600000,0.417066667,0.517233333,0.367520000
0.7569 ,0.307466667,0.218250000,0.554400000,0.302300000,0.538900000,0.497925000,0.447500000,0.308333333,0.403966667,0.507633333,0.378000000,0.537366667,0.557875000,0.650175000,0.387166667,0.322566667,0.414700000,0.328850000,0.417233333,0.516566667,0.367520000
0.7582 ,0.307533333,0.217875000,0.554233333,0.302000000,0.537633333,0.497250000,0.447133333,0.308100000,0.404266667,0.507600000,0.378433333,0.537466667,0.558375000,0.648900000,0.386366667,0.322400000,0.414866667,0.328275000,0.416400000,0.514633333,0.366620000
0.7595 ,0.309000000,0.218550000,0.555866667,0.302533333,0.538133333,0.498125000,0.448766667,0.309166667,0.406300000,0.509066667,0.380100000,0.538900000,0.560600000,0.649325000,0.387166667,0.323500000,0.416633333,0.328650000,0.417100000,0.514500000,0.366780000
0.7608 ,0.310333333,0.219075000,0.556533333,0.303300000,0.539466667,0.499350000,0.450733333,0.311033333,0.408566667,0.510066667,0.381366667,0.539233333,0.561975000,0.650925000,0.388566667,0.325433333,0.418633333,0.329350000,0.418366667,0.515733333,0.367200000
0.7621 ,0.312933333,0.220625000,0.558633333,0.305400000,0.542766667,0.502125000,0.454533333,0.314600000,0.412233333,0.511900000,0.383800000,0.540466667,0.563950000,0.654350000,0.392200000,0.328933333,0.422066667,0.331400000,0.421666667,0.519633333,0.369400000
0.7634 ,0.312866667,0.220275000,0.557100000,0.306166667,0.542866667,0.501875000,0.454566667,0.315900000,0.412733333,0.510633333,0.383766667,0.538800000,0.562375000,0.655150000,0.393100000,0.330100000,0.422766667,0.331900000,0.422500000,0.520833333,0.370160000
0.7647 ,0.313466667,0.220700000,0.557033333,0.307300000,0.542833333,0.502050000,0.455100000,0.316933333,0.413466667,0.510500000,0.384733333,0.538666667,0.562175000,0.655250000,0.394200000,0.331066667,0.423900000,0.332425000,0.423133333,0.520933333,0.371260000
0.7660 ,0.313900000,0.220925000,0.556700000,0.308633333,0.542900000,0.502200000,0.455733333,0.318033333,0.414366667,0.510533333,0.385833333,0.538866667,0.562050000,0.655225000,0.395333333,0.331966667,0.424933333,0.332950000,0.423800000,0.521100000,0.372420000
0.7673 ,0.314233333,0.221150000,0.556433333,0.309633333,0.542533333,0.502100000,0.456033333,0.318766667,0.414966667,0.510633333,0.386766667,0.538933333,0.562050000,0.654625000,0.395900000,0.332366667,0.425600000,0.333150000,0.423933333,0.520566667,0.373200000
0.7686 ,0.314766667,0.221425000,0.556466667,0.310433333,0.542200000,0.502100000,0.456533333,0.319466667,0.415766667,0.510800000,0.387833333,0.539266667,0.562375000,0.654350000,0.396433333,0.333000000,0.426400000,0.333375000,0.424300000,0.520133333,0.373860000
0.7699 ,0.315400000,0.221750000,0.556600000,0.311200000,0.542133333,0.502275000,0.457200000,0.320366667,0.416766667,0.511133333,0.388900000,0.539600000,0.562850000,0.654325000,0.397066667,0.333833333,0.427300000,0.333725000,0.424733333,0.519900000,0.374420000
0.7712 ,0.316266667,0.222200000,0.557066667,0.311933333,0.542266667,0.502625000,0.458100000,0.321466667,0.417966667,0.511566667,0.390100000,0.539933333,0.563400000,0.654500000,0.397833333,0.334833333,0.428333333,0.334125000,0.425433333,0.520033333,0.375100000
0.7724 ,0.317033333,0.222550000,0.557166667,0.312600000,0.542433333,0.502950000,0.458866667,0.322500000,0.419166667,0.511866667,0.391166667,0.540200000,0.563850000,0.654700000,0.398466667,0.335866667,0.429333333,0.334550000,0.426033333,0.520200000,0.375680000
0.7737 ,0.317800000,0.222925000,0.557466667,0.313166667,0.542500000,0.503125000,0.459600000,0.323533333,0.420233333,0.511966667,0.392166667,0.540333333,0.564225000,0.654925000,0.399133333,0.336966667,0.430300000,0.334975000,0.426633333,0.520333333,0.376140000
0.7750 ,0.318400000,0.223125000,0.557333333,0.313800000,0.542733333,0.503525000,0.460533333,0.324633333,0.421500000,0.512400000,0.393266667,0.540600000,0.564700000,0.655200000,0.399766667,0.338000000,0.431266667,0.335375000,0.427266667,0.520633333,0.376640000
0.7763 ,0.319133333,0.223475000,0.557600000,0.314366667,0.542900000,0.503775000,0.461400000,0.325700000,0.422666667,0.512633333,0.394266667,0.540766667,0.565150000,0.655500000,0.400300000,0.339000000,0.432100000,0.335725000,0.427900000,0.520700000,0.377020000
0.7776 ,0.319833333,0.223775000,0.557666667,0.314933333,0.543033333,0.504025000,0.462200000,0.326766667,0.423800000,0.512866667,0.395266667,0.540933333,0.565550000,0.655725000,0.400900000,0.340033333,0.433033333,0.336125000,0.428566667,0.520900000,0.377460000
0.7789 ,0.320600000,0.224075000,0.557833333,0.315533333,0.543133333,0.504350000,0.462966667,0.327866667,0.424933333,0.513166667,0.396300000,0.541100000,0.566025000,0.655950000,0.401466667,0.341100000,0.433900000,0.336500000,0.429166667,0.521000000,0.377880000
0.7802 ,0.321400000,0.224400000,0.558033333,0.316066667,0.543266667,0.504625000,0.463800000,0.328933333,0.426166667,0.513433333,0.397333333,0.541233333,0.566425000,0.656200000,0.402033333,0.342100000,0.434800000,0.336825000,0.429733333,0.521066667,0.378300000
0.7815 ,0.322100000,0.224700000,0.558100000,0.316533333,0.543300000,0.504800000,0.464566667,0.329933333,0.427266667,0.513600000,0.398266667,0.541366667,0.566750000,0.656400000,0.402533333,0.343133333,0.435566667,0.337150000,0.430300000,0.521100000,0.378640000
0.7828 ,0.322800000,0.224975000,0.558166667,0.317066667,0.543566667,0.505125000,0.465433333,0.331100000,0.428566667,0.513866667,0.399333333,0.541600000,0.567275000,0.656650000,0.403066667,0.344266667,0.436533333,0.337500000,0.430933333,0.521333333,0.379120000
0.7840 ,0.323600000,0.225325000,0.558366667,0.317566667,0.543833333,0.505500000,0.466366667,0.332233333,0.429766667,0.514166667,0.400400000,0.541800000,0.567825000,0.656900000,0.403600000,0.345300000,0.437400000,0.337900000,0.431600000,0.521466667,0.379480000
0.7853 ,0.324266667,0.225600000,0.558366667,0.317966667,0.543900000,0.505750000,0.467233333,0.333300000,0.430966667,0.514433333,0.401366667,0.541933333,0.568200000,0.657150000,0.404033333,0.346333333,0.438400000,0.338300000,0.432200000,0.521633333,0.379880000
0.7866 ,0.325033333,0.225925000,0.558600000,0.318233333,0.543966667,0.505900000,0.467933333,0.334266667,0.432066667,0.514633333,0.402200000,0.541966667,0.568525000,0.657325000,0.404366667,0.347366667,0.439200000,0.338675000,0.432733333,0.521666667,0.380080000
0.7879 ,0.325633333,0.226125000,0.558466667,0.318500000,0.543933333,0.506050000,0.468700000,0.335266667,0.433133333,0.514733333,0.403000000,0.541933333,0.568825000,0.657600000,0.404766667,0.348466667,0.440100000,0.339075000,0.433333333,0.521900000,0.380400000
0.7892 ,0.326433333,0.226500000,0.558666667,0.318866667,0.544033333,0.506325000,0.469566667,0.336300000,0.434366667,0.514966667,0.403966667,0.542033333,0.569150000,0.657725000,0.405133333,0.349500000,0.440933333,0.339375000,0.433833333,0.522033333,0.380740000
0.7904 ,0.327133333,0.226700000,0.558666667,0.319333333,0.544233333,0.506575000,0.470400000,0.337433333,0.435600000,0.515200000,0.404900000,0.542133333,0.569550000,0.657975000,0.405600000,0.350566667,0.441800000,0.339725000,0.434400000,0.522166667,0.381080000
0.7917 ,0.327966667,0.227100000,0.558900000,0.319866667,0.544300000,0.506800000,0.471166667,0.338500000,0.436800000,0.515400000,0.405933333,0.542266667,0.569950000,0.658200000,0.406166667,0.351600000,0.442700000,0.340075000,0.435066667,0.522300000,0.381560000
0.7930 ,0.328633333,0.227350000,0.558966667,0.320500000,0.544433333,0.506975000,0.471900000,0.339566667,0.437833333,0.515533333,0.406900000,0.542366667,0.570275000,0.658450000,0.406866667,0.352666667,0.443600000,0.340425000,0.435666667,0.522466667,0.382060000
0.7943 ,0.329266667,0.227675000,0.558866667,0.321066667,0.544600000,0.507200000,0.472700000,0.340700000,0.439100000,0.515766667,0.407900000,0.542533333,0.570750000,0.658625000,0.407400000,0.353666667,0.444433333,0.340750000,0.436166667,0.522433333,0.382420000
0.7955 ,0.329966667,0.227950000,0.558833333,0.321433333,0.544566667,0.507300000,0.473333333,0.341633333,0.440133333,0.515766667,0.408666667,0.542400000,0.570900000,0.658900000,0.407900000,0.354733333,0.445266667,0.341100000,0.436766667,0.522533333,0.382820000
0.7968 ,0.330600000,0.228225000,0.558866667,0.321766667,0.544633333,0.507475000,0.474000000,0.342666667,0.441233333,0.515966667,0.409566667,0.542433333,0.571150000,0.659150000,0.408333333,0.355833333,0.446166667,0.341525000,0.437333333,0.522733333,0.383160000
0.7981 ,0.331300000,0.228425000,0.558766667,0.322266667,0.544666667,0.507675000,0.474766667,0.343600000,0.442333333,0.516200000,0.410533333,0.542633333,0.571600000,0.659300000,0.408833333,0.356866667,0.446966667,0.341800000,0.437800000,0.522700000,0.383500000
0.7994 ,0.332000000,0.228725000,0.558933333,0.322700000,0.544800000,0.507950000,0.475533333,0.344666667,0.443500000,0.516333333,0.411500000,0.542700000,0.572025000,0.659425000,0.409233333,0.357800000,0.447766667,0.342000000,0.438233333,0.522733333,0.383800000
0.8006 ,0.332700000,0.229025000,0.558966667,0.323000000,0.544700000,0.508000000,0.476166667,0.345566667,0.444566667,0.516300000,0.412266667,0.542666667,0.572200000,0.659500000,0.409466667,0.358733333,0.448433333,0.342225000,0.438633333,0.522633333,0.384020000
0.8019 ,0.333500000,0.229425000,0.559166667,0.323433333,0.544833333,0.508200000,0.476933333,0.346633333,0.445766667,0.516600000,0.413200000,0.542766667,0.572575000,0.659875000,0.410133333,0.359966667,0.449533333,0.342750000,0.439366667,0.522933333,0.384480000
0.8032 ,0.334100000,0.229650000,0.559100000,0.323866667,0.544766667,0.508175000,0.477500000,0.347566667,0.446800000,0.516533333,0.414000000,0.542666667,0.572800000,0.659975000,0.410600000,0.360900000,0.450233333,0.343025000,0.439833333,0.522900000,0.384840000
0.8044 ,0.334700000,0.229900000,0.558866667,0.324433333,0.544700000,0.508250000,0.478000000,0.348566667,0.447800000,0.516566667,0.414766667,0.542666667,0.573000000,0.660225000,0.411200000,0.361866667,0.451066667,0.343375000,0.440300000,0.522933333,0.385240000
0.8057 ,0.335366667,0.230200000,0.558900000,0.325033333,0.544900000,0.508450000,0.478733333,0.349666667,0.448900000,0.516800000,0.415800000,0.542833333,0.573450000,0.660350000,0.411766667,0.362766667,0.451800000,0.343575000,0.440833333,0.522766667,0.385660000
0.8070 ,0.335866667,0.230400000,0.558666667,0.325500000,0.544900000,0.508625000,0.479366667,0.350600000,0.450000000,0.516966667,0.416666667,0.542966667,0.573775000,0.660400000,0.412166667,0.363766667,0.452533333,0.343875000,0.441166667,0.522700000,0.385940000
0.8082 ,0.336533333,0.230625000,0.558666667,0.325833333,0.544800000,0.508650000,0.479966667,0.351533333,0.451033333,0.516966667,0.417466667,0.542900000,0.574000000,0.660500000,0.412400000,0.364666667,0.453133333,0.344075000,0.441600000,0.522600000,0.386140000
0.8095 ,0.337200000,0.230875000,0.558633333,0.325933333,0.544766667,0.508700000,0.480633333,0.352433333,0.452100000,0.517100000,0.418133333,0.542833333,0.574300000,0.660600000,0.412666667,0.365700000,0.454000000,0.344350000,0.442100000,0.522733333,0.386420000
0.8108 ,0.337900000,0.231150000,0.558666667,0.325933333,0.544666667,0.508750000,0.481200000,0.353300000,0.453100000,0.517100000,0.418633333,0.542600000,0.574500000,0.660700000,0.412800000,0.366766667,0.454866667,0.344725000,0.442533333,0.522866667,0.386600000
0.8120 ,0.338433333,0.231325000,0.558500000,0.325766667,0.544566667,0.508725000,0.481766667,0.354100000,0.454133333,0.517000000,0.419066667,0.542300000,0.574400000,0.660700000,0.412700000,0.367800000,0.455733333,0.345125000,0.443033333,0.523100000,0.386800000
0.8133 ,0.339266667,0.231575000,0.558733333,0.325666667,0.544600000,0.508975000,0.482733333,0.355133333,0.455266667,0.517300000,0.419533333,0.542100000,0.574725000,0.660800000,0.412566667,0.368766667,0.456633333,0.345525000,0.443566667,0.523300000,0.387020000
0.8145 ,0.339900000,0.231850000,0.558800000,0.325600000,0.544633333,0.509225000,0.483566667,0.356266667,0.456466667,0.517433333,0.420033333,0.541833333,0.574800000,0.661200000,0.412566667,0.369866667,0.457700000,0.346150000,0.444233333,0.523966667,0.387500000
0.8158 ,0.340866667,0.232325000,0.558900000,0.325700000,0.544800000,0.509400000,0.484433333,0.357366667,0.457733333,0.517466667,0.420600000,0.541500000,0.574850000,0.661550000,0.413000000,0.371200000,0.458833333,0.346700000,0.445100000,0.524666667,0.388140000
0.8170 ,0.341566667,0.232700000,0.558733333,0.326166667,0.545066667,0.509675000,0.485100000,0.358600000,0.458966667,0.517500000,0.421266667,0.541366667,0.575150000,0.661850000,0.413533333,0.372433333,0.459733333,0.347225000,0.445833333,0.525166667,0.388700000
0.8183 ,0.342300000,0.232950000,0.558633333,0.327000000,0.545400000,0.509875000,0.485833333,0.359833333,0.460266667,0.517633333,0.422166667,0.541533333,0.575500000,0.662325000,0.414400000,0.373566667,0.460500000,0.347525000,0.446500000,0.525333333,0.389240000
0.8196 ,0.343066667,0.233375000,0.558966667,0.327633333,0.545200000,0.509650000,0.485900000,0.360533333,0.460966667,0.517433333,0.422866667,0.541433333,0.575475000,0.662375000,0.415133333,0.374433333,0.461033333,0.347575000,0.446800000,0.524900000,0.389480000
0.8208 ,0.343066667,0.233200000,0.558133333,0.327933333,0.544666667,0.509325000,0.485966667,0.361000000,0.461666667,0.517233333,0.423400000,0.541433333,0.575700000,0.662025000,0.415200000,0.374866667,0.461233333,0.347500000,0.446700000,0.524100000,0.389360000
0.8221 ,0.344066667,0.233675000,0.558666667,0.328400000,0.544933333,0.509600000,0.486666667,0.362100000,0.462933333,0.517633333,0.424300000,0.541700000,0.576300000,0.662200000,0.415566667,0.375833333,0.462100000,0.347875000,0.447166667,0.524166667,0.389760000
0.8233 ,0.344400000,0.233900000,0.558233333,0.329100000,0.545300000,0.510000000,0.487400000,0.363433333,0.464266667,0.517800000,0.425066667,0.541800000,0.576800000,0.662525000,0.416166667,0.377000000,0.462833333,0.348250000,0.447766667,0.524466667,0.390280000
0.8246 ,0.345566667,0.234525000,0.558866667,0.329766667,0.545466667,0.510125000,0.488000000,0.364600000,0.465333333,0.517833333,0.425800000,0.541900000,0.577075000,0.662850000,0.417066667,0.378166667,0.463600000,0.348625000,0.448400000,0.524466667,0.390760000
0.8258 ,0.345900000,0.234600000,0.558366667,0.330000000,0.545000000,0.509775000,0.487933333,0.365100000,0.465933333,0.517533333,0.426100000,0.541666667,0.576850000,0.662725000,0.417133333,0.378866667,0.463800000,0.348600000,0.448566667,0.523900000,0.390740000
0.8271 ,0.346066667,0.234600000,0.557700000,0.330133333,0.544366667,0.509525000,0.487966667,0.365533333,0.466633333,0.517466667,0.426566667,0.541466667,0.576925000,0.662400000,0.417166667,0.379466667,0.464133333,0.348600000,0.448633333,0.523500000,0.390720000
0.8283 ,0.347033333,0.234975000,0.558100000,0.330433333,0.544500000,0.509675000,0.488400000,0.366566667,0.467766667,0.517633333,0.427000000,0.541700000,0.577275000,0.662575000,0.417433333,0.380400000,0.464833333,0.348875000,0.449066667,0.523300000,0.390960000
0.8296 ,0.347433333,0.235175000,0.557666667,0.331033333,0.545133333,0.510150000,0.489000000,0.367800000,0.469133333,0.517966667,0.427700000,0.541966667,0.577875000,0.662700000,0.417633333,0.381400000,0.465333333,0.349150000,0.449333333,0.523433333,0.391260000
0.8308 ,0.347900000,0.235425000,0.557633333,0.331500000,0.545066667,0.510125000,0.489266667,0.368733333,0.470066667,0.517933333,0.428133333,0.542000000,0.578100000,0.662900000,0.418033333,0.382233333,0.465733333,0.349375000,0.449766667,0.523333333,0.391540000
0.8320 ,0.348333333,0.235600000,0.557266667,0.331866667,0.544900000,0.510025000,0.489333333,0.369500000,0.470933333,0.517800000,0.428466667,0.541700000,0.578125000,0.663025000,0.418433333,0.383000000,0.466133333,0.349550000,0.450100000,0.523166667,0.391740000
0.8333 ,0.349033333,0.235900000,0.557266667,0.332533333,0.544933333,0.510225000,0.489900000,0.370500000,0.472000000,0.517933333,0.429133333,0.541766667,0.578550000,0.663175000,0.418900000,0.383933333,0.466500000,0.349675000,0.450433333,0.522900000,0.391940000
0.8345 ,0.349800000,0.236325000,0.557633333,0.333033333,0.544833333,0.510125000,0.490000000,0.371300000,0.472900000,0.517833333,0.429466667,0.541766667,0.578625000,0.663225000,0.419333333,0.384833333,0.466900000,0.349900000,0.450700000,0.522700000,0.392260000
0.8358 ,0.350100000,0.236425000,0.557066667,0.333533333,0.544566667,0.510075000,0.490233333,0.372200000,0.473800000,0.517833333,0.430066667,0.541766667,0.578750000,0.663450000,0.420033333,0.385766667,0.467533333,0.350150000,0.451200000,0.522600000,0.392640000
0.8370 ,0.350666667,0.236650000,0.556866667,0.334000000,0.544433333,0.509775000,0.490266667,0.372933333,0.474666667,0.517666667,0.430600000,0.541633333,0.578850000,0.663350000,0.420400000,0.386533333,0.468066667,0.350275000,0.451466667,0.522366667,0.392880000
0.8382 ,0.351400000,0.237075000,0.557066667,0.334733333,0.544666667,0.510025000,0.490766667,0.374000000,0.475800000,0.518066667,0.431433333,0.542066667,0.579400000,0.663275000,0.420733333,0.387366667,0.468600000,0.350425000,0.451700000,0.522000000,0.393140000
0.8395 ,0.352133333,0.237475000,0.557133333,0.335066667,0.544433333,0.509850000,0.490966667,0.374766667,0.476666667,0.517800000,0.431933333,0.541900000,0.579425000,0.663450000,0.421233333,0.388166667,0.469133333,0.350550000,0.452000000,0.521966667,0.393360000
0.8407 ,0.352533333,0.237625000,0.556900000,0.335600000,0.544300000,0.509850000,0.491266667,0.375533333,0.477466667,0.517833333,0.432533333,0.541933333,0.579625000,0.663225000,0.421433333,0.388800000,0.469433333,0.350575000,0.452066667,0.521266667,0.393340000
0.8420 ,0.352666667,0.237600000,0.556100000,0.336000000,0.544133333,0.509700000,0.491566667,0.376300000,0.478266667,0.517533333,0.432933333,0.541733333,0.579700000,0.663375000,0.421700000,0.389566667,0.469900000,0.350750000,0.452300000,0.521066667,0.393560000
0.8432 ,0.353366667,0.238000000,0.556333333,0.336466667,0.544000000,0.509675000,0.492066667,0.377066667,0.479233333,0.517600000,0.433500000,0.541733333,0.579850000,0.663425000,0.422500000,0.390600000,0.470833333,0.351225000,0.452866667,0.521200000,0.394100000
0.8444 ,0.354233333,0.238500000,0.556766667,0.337133333,0.544166667,0.509900000,0.492533333,0.378033333,0.480300000,0.517733333,0.434233333,0.541933333,0.580300000,0.663575000,0.422866667,0.391433333,0.471433333,0.351375000,0.453166667,0.520900000,0.394480000
0.8457 ,0.354600000,0.238675000,0.556500000,0.337633333,0.544133333,0.509950000,0.492966667,0.378933333,0.481233333,0.517833333,0.434966667,0.541800000,0.580550000,0.663550000,0.423233333,0.392166667,0.471933333,0.351525000,0.453500000,0.520800000,0.394720000
0.8469 ,0.354933333,0.238775000,0.556000000,0.337833333,0.543733333,0.509650000,0.492933333,0.379500000,0.481833333,0.517533333,0.435300000,0.541566667,0.580425000,0.663775000,0.423666667,0.393233333,0.472666667,0.351775000,0.453833333,0.520833333,0.395060000
0.8481 ,0.355633333,0.239025000,0.556166667,0.338166667,0.543733333,0.509650000,0.493300000,0.380333333,0.482766667,0.517433333,0.435966667,0.541566667,0.580675000,0.663825000,0.423866667,0.393966667,0.473066667,0.351875000,0.454033333,0.520466667,0.395220000
0.8493 ,0.356166667,0.239275000,0.555966667,0.338533333,0.543666667,0.509750000,0.493700000,0.381300000,0.483766667,0.517500000,0.436533333,0.541633333,0.581050000,0.664025000,0.424400000,0.395000000,0.473900000,0.352300000,0.454566667,0.520566667,0.395680000
0.8506 ,0.356966667,0.239700000,0.556266667,0.338866667,0.543800000,0.509600000,0.494133333,0.382033333,0.484600000,0.517300000,0.436833333,0.541466667,0.581025000,0.663975000,0.424433333,0.395633333,0.474400000,0.352450000,0.454766667,0.520366667,0.395660000
0.8518 ,0.356900000,0.239475000,0.555233333,0.339033333,0.543433333,0.509350000,0.494266667,0.382666667,0.485433333,0.517333333,0.437233333,0.541166667,0.581000000,0.663550000,0.424466667,0.396300000,0.474766667,0.352550000,0.454800000,0.520033333,0.395720000
0.8530 ,0.357900000,0.240150000,0.555900000,0.339600000,0.543666667,0.509575000,0.494866667,0.383733333,0.486500000,0.517533333,0.437933333,0.541500000,0.581425000,0.663700000,0.424966667,0.397033333,0.475300000,0.352650000,0.455100000,0.519866667,0.395960000
0.8542 ,0.358700000,0.240600000,0.556100000,0.340133333,0.543800000,0.509850000,0.495400000,0.384766667,0.487600000,0.517500000,0.438533333,0.541500000,0.581575000,0.664025000,0.425533333,0.398166667,0.476033333,0.353025000,0.455633333,0.519966667,0.396400000
0.8555 ,0.359100000,0.240775000,0.555533333,0.340566667,0.543900000,0.509975000,0.495666667,0.385733333,0.488500000,0.517533333,0.438900000,0.541233333,0.581575000,0.664525000,0.426266667,0.399300000,0.476700000,0.353375000,0.456200000,0.520333333,0.396960000
0.8567 ,0.359366667,0.240775000,0.555066667,0.340933333,0.543633333,0.509975000,0.495933333,0.386566667,0.489266667,0.517366667,0.439366667,0.540933333,0.581500000,0.664725000,0.426700000,0.400200000,0.477433333,0.353700000,0.456633333,0.520500000,0.397320000
0.8579 ,0.359800000,0.240950000,0.555066667,0.341166667,0.543233333,0.509825000,0.496066667,0.387166667,0.490000000,0.517133333,0.439766667,0.540800000,0.581725000,0.664475000,0.426566667,0.400700000,0.477633333,0.353800000,0.456600000,0.519900000,0.397300000
0.8591 ,0.360433333,0.241200000,0.554933333,0.341566667,0.543233333,0.509700000,0.496433333,0.387900000,0.490866667,0.517133333,0.440333333,0.540900000,0.581975000,0.664175000,0.426866667,0.401533333,0.478300000,0.354000000,0.456800000,0.519766667,0.397440000
0.8603 ,0.360766667,0.241400000,0.554666667,0.342166667,0.543433333,0.509950000,0.497066667,0.388900000,0.491900000,0.517300000,0.441033333,0.540933333,0.582400000,0.664400000,0.427266667,0.402333333,0.478900000,0.354200000,0.457166667,0.519566667,0.397600000
0.8616 ,0.361233333,0.241650000,0.554600000,0.342366667,0.543033333,0.509550000,0.497133333,0.389466667,0.492500000,0.517133333,0.441200000,0.540700000,0.582025000,0.664575000,0.427633333,0.403333333,0.479533333,0.354500000,0.457533333,0.519666667,0.397960000
0.8628 ,0.362100000,0.242200000,0.555133333,0.342566667,0.542833333,0.509400000,0.497333333,0.390100000,0.493233333,0.517066667,0.441633333,0.540600000,0.582175000,0.664275000,0.427666667,0.403833333,0.479900000,0.354475000,0.457533333,0.519233333,0.397920000
0.8640 ,0.362066667,0.241950000,0.554233333,0.342833333,0.542833333,0.509375000,0.497533333,0.390800000,0.494066667,0.517100000,0.442100000,0.540600000,0.582475000,0.664125000,0.427600000,0.404500000,0.480266667,0.354475000,0.457600000,0.518833333,0.398000000
0.8652 ,0.362733333,0.242350000,0.554100000,0.343133333,0.542800000,0.509425000,0.497866667,0.391533333,0.494966667,0.517133333,0.442466667,0.540633333,0.582700000,0.664475000,0.428066667,0.405333333,0.480966667,0.354875000,0.458100000,0.518866667,0.398380000
0.8664 ,0.363266667,0.242575000,0.554200000,0.343633333,0.542900000,0.509575000,0.498266667,0.392533333,0.495933333,0.517066667,0.442900000,0.540466667,0.582750000,0.664725000,0.428600000,0.406366667,0.481600000,0.355200000,0.458500000,0.519066667,0.398740000
0.8676 ,0.364200000,0.243150000,0.554633333,0.344066667,0.542900000,0.509750000,0.498700000,0.393400000,0.496900000,0.516933333,0.443400000,0.540233333,0.582875000,0.664950000,0.428833333,0.407200000,0.482000000,0.355425000,0.458766667,0.519200000,0.398980000
0.8688 ,0.364233333,0.243025000,0.553833333,0.344266667,0.542866667,0.509525000,0.498866667,0.394166667,0.497566667,0.516566667,0.443733333,0.540033333,0.582875000,0.664975000,0.429166667,0.408133333,0.482500000,0.355575000,0.459033333,0.519133333,0.399100000
0.8700 ,0.364400000,0.243050000,0.553400000,0.344466667,0.542666667,0.509500000,0.498966667,0.394766667,0.498233333,0.516833333,0.444066667,0.539866667,0.582875000,0.664725000,0.429133333,0.408666667,0.482800000,0.355725000,0.459133333,0.518633333,0.399120000
0.8712 ,0.365066667,0.243425000,0.553500000,0.344700000,0.542266667,0.509350000,0.499133333,0.395466667,0.498766667,0.516766667,0.444300000,0.539733333,0.582850000,0.665000000,0.429666667,0.409833333,0.483566667,0.356075000,0.459666667,0.518733333,0.399580000
0.8725 ,0.365566667,0.243600000,0.553366667,0.345233333,0.542433333,0.509700000,0.499700000,0.396333333,0.499900000,0.517166667,0.444866667,0.540066667,0.583475000,0.665050000,0.429866667,0.410800000,0.484166667,0.356350000,0.460033333,0.518733333,0.399840000
0.8737 ,0.366433333,0.244100000,0.553833333,0.345600000,0.542800000,0.509875000,0.500200000,0.397300000,0.500833333,0.517133333,0.445333333,0.540300000,0.583775000,0.665100000,0.430000000,0.411433333,0.484566667,0.356425000,0.460233333,0.518633333,0.399960000
0.8749 ,0.367000000,0.244500000,0.553800000,0.345833333,0.542466667,0.509675000,0.500333333,0.397966667,0.501500000,0.516933333,0.445533333,0.539933333,0.583725000,0.665050000,0.430166667,0.412266667,0.485000000,0.356575000,0.460433333,0.518400000,0.400060000
0.8761 ,0.367133333,0.244500000,0.553366667,0.346100000,0.542500000,0.509775000,0.500466667,0.398733333,0.502366667,0.516966667,0.445900000,0.539966667,0.583825000,0.665300000,0.430366667,0.413133333,0.485500000,0.356850000,0.460766667,0.518533333,0.400240000
0.8773 ,0.367366667,0.244550000,0.553066667,0.346200000,0.542300000,0.509675000,0.500733333,0.399400000,0.503233333,0.516700000,0.446066667,0.539833333,0.583900000,0.665325000,0.430533333,0.413966667,0.486000000,0.357125000,0.461033333,0.518466667,0.400420000
0.8785 ,0.367933333,0.244825000,0.553033333,0.346400000,0.542300000,0.509525000,0.500633333,0.399933333,0.503666667,0.516700000,0.446333333,0.539433333,0.583950000,0.665425000,0.430733333,0.414700000,0.486266667,0.357375000,0.461066667,0.518300000,0.400440000
0.8797 ,0.368833333,0.245275000,0.553566667,0.346700000,0.542433333,0.509675000,0.501000000,0.400800000,0.504700000,0.516733333,0.446700000,0.539600000,0.584225000,0.665650000,0.431000000,0.415666667,0.486766667,0.357550000,0.461433333,0.518300000,0.400840000
0.8809 ,0.369100000,0.245325000,0.553300000,0.347166667,0.542366667,0.509825000,0.501300000,0.401533333,0.505466667,0.516900000,0.447000000,0.539533333,0.584550000,0.665575000,0.431000000,0.416300000,0.487000000,0.357575000,0.461800000,0.518000000,0.400900000
0.8821 ,0.369766667,0.245750000,0.553266667,0.347366667,0.542500000,0.509850000,0.501533333,0.402266667,0.506266667,0.516800000,0.447333333,0.539300000,0.584400000,0.665775000,0.431300000,0.417266667,0.487533333,0.357950000,0.462100000,0.518066667,0.401060000
0.8833 ,0.370066667,0.245875000,0.553000000,0.347400000,0.542033333,0.509425000,0.501300000,0.402700000,0.506666667,0.516300000,0.447200000,0.538966667,0.584300000,0.665550000,0.431166667,0.417800000,0.487566667,0.357850000,0.462233333,0.517700000,0.401000000
0.8845 ,0.370200000,0.245750000,0.552433333,0.347800000,0.542166667,0.509700000,0.501900000,0.403600000,0.507733333,0.516800000,0.447733333,0.539400000,0.584650000,0.665575000,0.431300000,0.418800000,0.488100000,0.358125000,0.462533333,0.517966667,0.401140000
0.8856 ,0.370933333,0.246225000,0.552800000,0.348000000,0.542133333,0.509825000,0.502166667,0.404433333,0.508666667,0.517000000,0.448000000,0.539400000,0.585075000,0.665750000,0.431500000,0.419733333,0.488533333,0.358325000,0.462800000,0.518000000,0.401300000
0.8868 ,0.371533333,0.246525000,0.553100000,0.348266667,0.542266667,0.510025000,0.502466667,0.405200000,0.509400000,0.516900000,0.448166667,0.539333333,0.585325000,0.666025000,0.431800000,0.420600000,0.488966667,0.358650000,0.463200000,0.518333333,0.401460000
0.8880 ,0.371733333,0.246575000,0.552633333,0.348466667,0.542333333,0.510025000,0.502700000,0.405933333,0.510166667,0.516900000,0.448466667,0.539333333,0.585575000,0.666175000,0.431933333,0.421533333,0.489433333,0.359000000,0.463533333,0.518433333,0.401820000
0.8892 ,0.372033333,0.246650000,0.552300000,0.348600000,0.542233333,0.509975000,0.502733333,0.406633333,0.510666667,0.516666667,0.448633333,0.539300000,0.585450000,0.666425000,0.432033333,0.422333333,0.489733333,0.359150000,0.463700000,0.518300000,0.401820000
0.8904 ,0.372133333,0.246650000,0.552000000,0.348600000,0.541866667,0.509875000,0.502800000,0.406933333,0.511233333,0.516600000,0.448533333,0.539033333,0.585375000,0.666275000,0.431766667,0.422800000,0.489833333,0.359200000,0.463733333,0.517700000,0.401640000
0.8916 ,0.372633333,0.246650000,0.551933333,0.348800000,0.542200000,0.510225000,0.503266667,0.407833333,0.512233333,0.517000000,0.449000000,0.539000000,0.585725000,0.666475000,0.431500000,0.423700000,0.490166667,0.359325000,0.463966667,0.517733333,0.401660000
0.8928 ,0.373033333,0.246825000,0.552000000,0.348500000,0.541833333,0.509900000,0.503333333,0.408200000,0.512766667,0.516700000,0.448733333,0.538400000,0.585750000,0.666200000,0.430966667,0.424566667,0.490466667,0.359625000,0.464300000,0.517633333,0.401620000
0.8940 ,0.374200000,0.247500000,0.553233333,0.347700000,0.541333333,0.509650000,0.503333333,0.408733333,0.513033333,0.516533333,0.448200000,0.537833333,0.585275000,0.666125000,0.430500000,0.425133333,0.490866667,0.359925000,0.464400000,0.518033333,0.401440000
0.8952 ,0.373966667,0.247375000,0.552100000,0.347200000,0.541400000,0.509475000,0.503633333,0.409266667,0.513533333,0.516200000,0.447800000,0.537566667,0.585250000,0.665500000,0.429900000,0.425933333,0.491066667,0.360225000,0.464433333,0.518100000,0.401400000
0.8963 ,0.374933333,0.247850000,0.552933333,0.346966667,0.541733333,0.509900000,0.504233333,0.410033333,0.514400000,0.516633333,0.447633333,0.537366667,0.585325000,0.666150000,0.429766667,0.427100000,0.491966667,0.360850000,0.465133333,0.519433333,0.401840000
0.8975 ,0.375000000,0.247725000,0.552100000,0.346700000,0.541633333,0.509900000,0.504666667,0.410533333,0.515000000,0.516333333,0.447433333,0.537100000,0.585200000,0.666975000,0.430133333,0.428300000,0.492800000,0.361500000,0.465800000,0.520433333,0.402440000
0.8987 ,0.375566667,0.248000000,0.552433333,0.347033333,0.542466667,0.510725000,0.505300000,0.411833333,0.516300000,0.517100000,0.447733333,0.537233333,0.585700000,0.667100000,0.429900000,0.429166667,0.493133333,0.361800000,0.466366667,0.520600000,0.402840000
0.8999 ,0.375733333,0.248275000,0.552200000,0.348033333,0.543533333,0.511600000,0.506200000,0.413166667,0.517800000,0.517566667,0.448533333,0.537633333,0.586450000,0.667475000,0.430433333,0.430266667,0.493733333,0.362275000,0.467233333,0.521033333,0.403280000
0.9011 ,0.377033333,0.249075000,0.553033333,0.348800000,0.543833333,0.512150000,0.506400000,0.414400000,0.518866667,0.517966667,0.449200000,0.538133333,0.586900000,0.668625000,0.431366667,0.431666667,0.494333333,0.362775000,0.468000000,0.521700000,0.403920000
0.9023 ,0.377100000,0.248900000,0.552266667,0.349233333,0.542900000,0.511375000,0.506133333,0.414666667,0.519133333,0.517466667,0.449066667,0.537733333,0.586575000,0.668175000,0.431866667,0.432366667,0.494233333,0.362775000,0.468000000,0.521200000,0.403940000
0.9034 ,0.377166667,0.248950000,0.552200000,0.349400000,0.542900000,0.510950000,0.505700000,0.415066667,0.519566667,0.517100000,0.449333333,0.537866667,0.586750000,0.667925000,0.431666667,0.432833333,0.494266667,0.362525000,0.467866667,0.520133333,0.403420000
0.9046 ,0.377700000,0.249175000,0.552433333,0.349333333,0.542133333,0.510700000,0.505366667,0.415133333,0.519866667,0.517066667,0.449200000,0.537600000,0.587000000,0.667550000,0.431000000,0.432733333,0.493933333,0.362125000,0.467133333,0.519100000,0.402780000
0.9058 ,0.377100000,0.248525000,0.550933333,0.348500000,0.541366667,0.509925000,0.504766667,0.414966667,0.519700000,0.516566667,0.448333333,0.536666667,0.586150000,0.667125000,0.430666667,0.433400000,0.494200000,0.362425000,0.467033333,0.519133333,0.402860000
0.9070 ,0.379166667,0.249875000,0.553500000,0.348633333,0.541900000,0.510875000,0.505966667,0.416200000,0.521066667,0.516800000,0.448800000,0.537166667,0.587125000,0.667425000,0.430333333,0.434566667,0.494900000,0.362975000,0.467766667,0.519766667,0.403360000
0.9081 ,0.379233333,0.249900000,0.552800000,0.348933333,0.543100000,0.511850000,0.506766667,0.417466667,0.522100000,0.517500000,0.449066667,0.537200000,0.587575000,0.668050000,0.430800000,0.436033333,0.495500000,0.363825000,0.468833333,0.521366667,0.403960000
0.9093 ,0.379633333,0.250125000,0.552533333,0.349400000,0.543466667,0.512475000,0.507533333,0.418533333,0.523300000,0.517833333,0.449333333,0.537900000,0.587750000,0.668375000,0.430900000,0.436733333,0.495800000,0.363950000,0.469100000,0.521566667,0.404140000
0.9105 ,0.380300000,0.250500000,0.553066667,0.349500000,0.543033333,0.511750000,0.506966667,0.418833333,0.523433333,0.517666667,0.449166667,0.537133333,0.587425000,0.668125000,0.430966667,0.437733333,0.495966667,0.364075000,0.469466667,0.521466667,0.404300000
0.9117 ,0.380633333,0.250500000,0.552866667,0.349100000,0.542066667,0.511275000,0.506466667,0.418766667,0.523533333,0.517466667,0.448733333,0.536433333,0.587000000,0.668325000,0.430933333,0.438533333,0.496600000,0.364425000,0.469833333,0.521466667,0.404740000
0.9128 ,0.381333333,0.251125000,0.553133333,0.349266667,0.542266667,0.511275000,0.506566667,0.419433333,0.524400000,0.517600000,0.448400000,0.536466667,0.587225000,0.668450000,0.430766667,0.439100000,0.496466667,0.364725000,0.469666667,0.521366667,0.404400000
0.9140 ,0.381133333,0.250700000,0.551966667,0.349366667,0.542833333,0.511950000,0.507066667,0.420566667,0.525600000,0.518066667,0.448733333,0.536700000,0.588200000,0.668500000,0.430566667,0.440033333,0.496700000,0.365000000,0.470100000,0.521566667,0.404500000
0.9152 ,0.381133333,0.250600000,0.552066667,0.349933333,0.543666667,0.512775000,0.507766667,0.421666667,0.526800000,0.518366667,0.448933333,0.536766667,0.589050000,0.669125000,0.430733333,0.440966667,0.497033333,0.365200000,0.470766667,0.522066667,0.404820000
0.9164 ,0.381800000,0.251075000,0.552500000,0.350500000,0.544000000,0.513000000,0.507966667,0.422733333,0.527833333,0.518233333,0.449233333,0.537600000,0.589575000,0.669025000,0.431166667,0.441733333,0.496966667,0.365200000,0.470766667,0.521933333,0.404760000
0.9175 ,0.382433333,0.251575000,0.553100000,0.350933333,0.543600000,0.512525000,0.507466667,0.423266667,0.527900000,0.517633333,0.449166667,0.537366667,0.589275000,0.669300000,0.431566667,0.442366667,0.496966667,0.365400000,0.471066667,0.521333333,0.404960000
0.9187 ,0.383000000,0.251950000,0.553400000,0.351366667,0.543400000,0.512100000,0.506800000,0.423500000,0.528066667,0.517700000,0.449200000,0.537633333,0.588975000,0.669250000,0.431600000,0.443000000,0.496633333,0.365250000,0.470966667,0.520800000,0.404720000
0.9199 ,0.382766667,0.251600000,0.552000000,0.352033333,0.542966667,0.512150000,0.506533333,0.423800000,0.528833333,0.517966667,0.449266667,0.537733333,0.589725000,0.668900000,0.431666667,0.443800000,0.496500000,0.365050000,0.470800000,0.519966667,0.404560000
0.9210 ,0.383500000,0.252325000,0.553066667,0.352200000,0.542900000,0.512475000,0.506566667,0.424733333,0.529866667,0.518533333,0.449433333,0.538300000,0.590225000,0.669300000,0.431833333,0.444566667,0.496733333,0.365450000,0.471100000,0.520500000,0.404640000
0.9222 ,0.383433333,0.251850000,0.552233333,0.351733333,0.542433333,0.512150000,0.505733333,0.424600000,0.529966667,0.518200000,0.448400000,0.537700000,0.590050000,0.668875000,0.431166667,0.445033333,0.496366667,0.365400000,0.471100000,0.520200000,0.404340000
0.9234 ,0.383666667,0.252025000,0.552166667,0.351833333,0.543533333,0.513100000,0.506633333,0.426000000,0.531533333,0.518833333,0.448433333,0.538366667,0.591175000,0.669525000,0.431200000,0.445900000,0.496533333,0.365875000,0.471433333,0.520700000,0.404580000
0.9245 ,0.383933333,0.252025000,0.551866667,0.351633333,0.543966667,0.513675000,0.506433333,0.426633333,0.532100000,0.518833333,0.448000000,0.538500000,0.591225000,0.669675000,0.430866667,0.446733333,0.496633333,0.366025000,0.472066667,0.520533333,0.404720000
0.9257 ,0.384733333,0.252475000,0.552733333,0.350333333,0.542733333,0.512300000,0.505266667,0.425900000,0.531333333,0.517833333,0.446366667,0.536833333,0.589600000,0.668550000,0.429133333,0.446700000,0.495700000,0.365700000,0.471233333,0.519500000,0.404040000
0.9269 ,0.385633333,0.252900000,0.553566667,0.349166667,0.541900000,0.511500000,0.504366667,0.425800000,0.530700000,0.517200000,0.444766667,0.535700000,0.588800000,0.668600000,0.428300000,0.447333333,0.496266667,0.366375000,0.471966667,0.520233333,0.404380000
0.9280 ,0.385633333,0.253000000,0.553300000,0.347833333,0.540966667,0.510950000,0.504433333,0.425600000,0.530733333,0.517166667,0.443100000,0.535366667,0.588050000,0.668125000,0.426333333,0.447166667,0.495533333,0.366525000,0.471700000,0.520533333,0.403980000
0.9292 ,0.385733333,0.252675000,0.553733333,0.346600000,0.541233333,0.511850000,0.504833333,0.426066667,0.531600000,0.517533333,0.441733333,0.535166667,0.588550000,0.668050000,0.424700000,0.446933333,0.495266667,0.366600000,0.470900000,0.521633333,0.404240000
0.9304 ,0.385166667,0.252750000,0.552666667,0.344700000,0.540700000,0.511700000,0.504200000,0.425533333,0.531100000,0.517700000,0.439400000,0.534000000,0.587775000,0.667925000,0.422533333,0.446766667,0.494733333,0.367450000,0.471533333,0.523466667,0.404480000
0.9315 ,0.386333333,0.253675000,0.556100000,0.343666667,0.542633333,0.513400000,0.505366667,0.427000000,0.531566667,0.518566667,0.438266667,0.534466667,0.588950000,0.667100000,0.420666667,0.446800000,0.493633333,0.367275000,0.471900000,0.524700000,0.404640000
0.9327 ,0.384666667,0.252675000,0.553833333,0.341966667,0.543900000,0.513050000,0.504966667,0.426800000,0.530800000,0.517300000,0.435500000,0.532900000,0.587275000,0.668025000,0.420666667,0.447366667,0.493500000,0.369150000,0.473333333,0.528433333,0.405740000
0.9338 ,0.386333333,0.254300000,0.555366667,0.342600000,0.545466667,0.514375000,0.506166667,0.428300000,0.531533333,0.518200000,0.435100000,0.533333333,0.587875000,0.667200000,0.418300000,0.447366667,0.491733333,0.368750000,0.474466667,0.528933333,0.405960000
0.9350 ,0.387100000,0.254200000,0.555733333,0.342833333,0.547766667,0.515075000,0.506700000,0.430100000,0.533600000,0.518933333,0.434233333,0.532800000,0.588425000,0.669475000,0.420466667,0.449666667,0.492966667,0.371650000,0.476200000,0.531800000,0.408100000
0.9362 ,0.389200000,0.256025000,0.557900000,0.343966667,0.546400000,0.515575000,0.505866667,0.430933333,0.534800000,0.518800000,0.434066667,0.534266667,0.587700000,0.670250000,0.420133333,0.450766667,0.491966667,0.370975000,0.476533333,0.531900000,0.408080000
0.9373 ,0.388833333,0.254650000,0.554700000,0.344666667,0.547533333,0.516125000,0.505066667,0.432900000,0.536566667,0.519566667,0.433333333,0.534600000,0.589675000,0.671525000,0.421466667,0.453133333,0.492500000,0.371100000,0.477366667,0.530833333,0.408380000
0.9385 ,0.389566667,0.255275000,0.556200000,0.344966667,0.545300000,0.515075000,0.502700000,0.433033333,0.537000000,0.519033333,0.432833333,0.535266667,0.590150000,0.671475000,0.421533333,0.454133333,0.492200000,0.370450000,0.476733333,0.529233333,0.407920000
0.9397 ,0.388566667,0.254500000,0.553733333,0.343966667,0.544100000,0.513625000,0.500800000,0.432400000,0.536666667,0.518166667,0.431300000,0.533333333,0.589175000,0.670400000,0.421233333,0.454300000,0.491400000,0.369525000,0.476733333,0.528300000,0.406840000
0.9408 ,0.386633333,0.253400000,0.551466667,0.343133333,0.542800000,0.513100000,0.499766667,0.431700000,0.536166667,0.517733333,0.430000000,0.532966667,0.589175000,0.670075000,0.418966667,0.454333333,0.490466667,0.369425000,0.476466667,0.527066667,0.405520000
0.9420 ,0.390166667,0.255950000,0.557000000,0.343066667,0.544433333,0.514525000,0.500266667,0.432533333,0.537233333,0.519766667,0.429833333,0.534166667,0.590725000,0.668975000,0.416466667,0.452966667,0.487533333,0.368600000,0.474766667,0.525400000,0.403920000
0.9432 ,0.388133333,0.254475000,0.553566667,0.342300000,0.544400000,0.513950000,0.500233333,0.432800000,0.537066667,0.520033333,0.427233333,0.534233333,0.589700000,0.668600000,0.415133333,0.453000000,0.485966667,0.368750000,0.474666667,0.525633333,0.403660000
0.9443 ,0.390333333,0.256300000,0.556333333,0.341466667,0.543433333,0.513775000,0.498866667,0.432200000,0.537033333,0.519533333,0.425766667,0.533800000,0.589650000,0.669325000,0.414433333,0.454000000,0.484900000,0.370200000,0.475233333,0.527100000,0.404060000
0.9455 ,0.388733333,0.254500000,0.554433333,0.340766667,0.543933333,0.513825000,0.496633333,0.433200000,0.537000000,0.518566667,0.423533333,0.532900000,0.588250000,0.670125000,0.414766667,0.456366667,0.484200000,0.371150000,0.475866667,0.527933333,0.404780000
0.9466 ,0.390966667,0.256075000,0.556666667,0.341266667,0.544766667,0.514025000,0.496100000,0.435166667,0.539066667,0.519166667,0.422600000,0.533800000,0.590425000,0.671675000,0.413466667,0.456066667,0.482633333,0.369950000,0.476166667,0.527600000,0.404120000
0.9478 ,0.388566667,0.255100000,0.553366667,0.341733333,0.545466667,0.515550000,0.496133333,0.435833333,0.540533333,0.520266667,0.422333333,0.535133333,0.590875000,0.672375000,0.413500000,0.457100000,0.482733333,0.370225000,0.477466667,0.528966667,0.404520000
0.9490 ,0.389566667,0.255450000,0.552900000,0.340600000,0.544133333,0.514825000,0.493533333,0.435700000,0.540300000,0.518533333,0.419066667,0.534233333,0.590225000,0.670800000,0.411733333,0.456700000,0.479900000,0.369050000,0.477100000,0.527700000,0.403220000
0.9501 ,0.391700000,0.256350000,0.556333333,0.338966667,0.544100000,0.513800000,0.492233333,0.435033333,0.539133333,0.517166667,0.416600000,0.532866667,0.588875000,0.670925000,0.411100000,0.457933333,0.479400000,0.370000000,0.478066667,0.528100000,0.403660000
0.9513 ,0.394500000,0.257925000,0.558766667,0.339533333,0.545700000,0.516150000,0.493533333,0.435966667,0.541800000,0.520066667,0.416500000,0.535166667,0.591400000,0.669550000,0.407966667,0.457433333,0.475600000,0.369150000,0.477133333,0.527133333,0.401920000
0.9525 ,0.391833333,0.256450000,0.556333333,0.339733333,0.547166667,0.516950000,0.492000000,0.437833333,0.543266667,0.521333333,0.415233333,0.536566667,0.592725000,0.670900000,0.407133333,0.458666667,0.474233333,0.370025000,0.477466667,0.527566667,0.401940000
0.9536 ,0.392800000,0.257100000,0.557666667,0.338466667,0.546400000,0.516800000,0.490166667,0.437566667,0.542700000,0.520766667,0.412833333,0.536166667,0.592650000,0.670775000,0.404700000,0.458133333,0.471500000,0.369075000,0.477133333,0.526566667,0.400420000
0.9548 ,0.390766667,0.255275000,0.555066667,0.338633333,0.546400000,0.516800000,0.488166667,0.438500000,0.543400000,0.521233333,0.411200000,0.537566667,0.593350000,0.671225000,0.403800000,0.459033333,0.469866667,0.369725000,0.477133333,0.527066667,0.400060000
0.9560 ,0.392900000,0.256875000,0.556533333,0.339166667,0.547733333,0.518800000,0.488166667,0.439966667,0.545833333,0.522200000,0.410000000,0.537966667,0.594400000,0.670175000,0.401133333,0.457533333,0.465533333,0.367325000,0.475233333,0.524466667,0.397360000
0.9571 ,0.392666667,0.256175000,0.555566667,0.337766667,0.545866667,0.517425000,0.485833333,0.439266667,0.545166667,0.520800000,0.407433333,0.537033333,0.594750000,0.672975000,0.402433333,0.460400000,0.465966667,0.369600000,0.477766667,0.527100000,0.399120000
0.9583 ,0.394866667,0.258050000,0.558633333,0.337233333,0.547333333,0.517850000,0.485833333,0.440366667,0.546433333,0.521700000,0.406066667,0.537566667,0.595800000,0.673075000,0.401800000,0.461500000,0.465500000,0.369975000,0.478766667,0.528366667,0.399400000
0.9594 ,0.393300000,0.256100000,0.555900000,0.336500000,0.546733333,0.516600000,0.485400000,0.440366667,0.546000000,0.522266667,0.403900000,0.537466667,0.594800000,0.672575000,0.400666667,0.461766667,0.463700000,0.368900000,0.479033333,0.527533333,0.398820000
0.9606 ,0.396033333,0.258450000,0.559233333,0.336000000,0.546633333,0.515800000,0.484366667,0.441000000,0.546400000,0.521433333,0.403233333,0.537466667,0.595200000,0.672750000,0.400233333,0.462233333,0.462833333,0.369325000,0.480000000,0.527600000,0.398540000
0.9618 ,0.393933333,0.257250000,0.557900000,0.335533333,0.545533333,0.515925000,0.481666667,0.440233333,0.545533333,0.520200000,0.402000000,0.536933333,0.594575000,0.671900000,0.398900000,0.461866667,0.461300000,0.369050000,0.479033333,0.526366667,0.397440000
0.9629 ,0.393433333,0.256525000,0.555866667,0.336033333,0.545933333,0.516900000,0.481333333,0.441200000,0.545933333,0.522066667,0.402500000,0.537400000,0.595950000,0.671975000,0.398233333,0.461900000,0.460033333,0.368600000,0.477733333,0.525133333,0.396220000
0.9641 ,0.395033333,0.257825000,0.558400000,0.336266667,0.546000000,0.516950000,0.481333333,0.441566667,0.546866667,0.522466667,0.402266667,0.538733333,0.596625000,0.672750000,0.398700000,0.462733333,0.459066667,0.368100000,0.478033333,0.525533333,0.396740000
0.9653 ,0.395533333,0.258275000,0.557733333,0.336400000,0.546333333,0.518175000,0.480966667,0.441733333,0.547033333,0.522566667,0.401800000,0.538733333,0.596625000,0.672175000,0.397633333,0.462166667,0.457200000,0.367500000,0.477400000,0.524266667,0.395780000
0.9665 ,0.395566667,0.258425000,0.557266667,0.338333333,0.549233333,0.519875000,0.482833333,0.444566667,0.550800000,0.524966667,0.403333333,0.542133333,0.599325000,0.673100000,0.397466667,0.462466667,0.456033333,0.367100000,0.477400000,0.524066667,0.395020000
0.9676 ,0.395600000,0.258300000,0.557700000,0.338266667,0.548866667,0.519750000,0.482033333,0.444433333,0.551266667,0.524300000,0.402566667,0.541100000,0.600000000,0.673750000,0.399200000,0.465433333,0.457233333,0.367800000,0.479433333,0.525066667,0.396700000
0.9688 ,0.394800000,0.257875000,0.556600000,0.338266667,0.546633333,0.518650000,0.480766667,0.443500000,0.550033333,0.523933333,0.402566667,0.541466667,0.599675000,0.672075000,0.397966667,0.463366667,0.455500000,0.367350000,0.477366667,0.523133333,0.394700000
0.9700 ,0.394666667,0.258050000,0.557533333,0.338500000,0.547300000,0.518050000,0.480566667,0.443066667,0.550166667,0.524166667,0.402633333,0.542066667,0.600650000,0.671900000,0.397333333,0.463566667,0.455333333,0.367125000,0.477066667,0.522133333,0.394340000
0.9711 ,0.393866667,0.257200000,0.556833333,0.338066667,0.547600000,0.518275000,0.479800000,0.442766667,0.549433333,0.524566667,0.403000000,0.542533333,0.600675000,0.671725000,0.397400000,0.463833333,0.455266667,0.367475000,0.477133333,0.521933333,0.394200000
0.9723 ,0.394666667,0.258150000,0.559666667,0.338100000,0.547133333,0.517775000,0.479366667,0.442700000,0.549133333,0.523000000,0.403000000,0.542700000,0.601100000,0.670775000,0.395533333,0.461933333,0.453433333,0.365825000,0.475166667,0.520666667,0.392840000
0.9735 ,0.395800000,0.259025000,0.560233333,0.337266667,0.546666667,0.519200000,0.479600000,0.442666667,0.549066667,0.525333333,0.402666667,0.542933333,0.601600000,0.671000000,0.396700000,0.462833333,0.454966667,0.366725000,0.476933333,0.523133333,0.393420000
0.9747 ,0.395800000,0.259025000,0.559800000,0.336666667,0.548233333,0.518900000,0.479433333,0.442366667,0.548800000,0.524733333,0.402000000,0.543633333,0.601725000,0.672675000,0.394833333,0.461266667,0.451966667,0.366250000,0.476600000,0.521366667,0.392120000
0.9758 ,0.393000000,0.257550000,0.555966667,0.336833333,0.547200000,0.520375000,0.479200000,0.440733333,0.548100000,0.524300000,0.401533333,0.543600000,0.600450000,0.675300000,0.396533333,0.463766667,0.453600000,0.368150000,0.478666667,0.525833333,0.394460000
0.9770 ,0.393233333,0.257125000,0.556200000,0.337766667,0.550300000,0.520750000,0.481600000,0.442433333,0.550600000,0.527666667,0.403466667,0.544033333,0.602825000,0.673625000,0.395833333,0.462466667,0.453000000,0.367775000,0.477900000,0.523800000,0.393300000
0.9782 ,0.395466667,0.258400000,0.561200000,0.338233333,0.549566667,0.520975000,0.482233333,0.443233333,0.551200000,0.527500000,0.403266667,0.544366667,0.603900000,0.673950000,0.395333333,0.461400000,0.452166667,0.366900000,0.475733333,0.522233333,0.393020000
0.9794 ,0.395900000,0.258950000,0.560700000,0.337666667,0.549433333,0.520100000,0.481966667,0.442866667,0.549700000,0.527933333,0.403700000,0.544733333,0.604025000,0.671425000,0.394600000,0.460933333,0.451533333,0.365825000,0.474366667,0.520633333,0.392320000
0.9806 ,0.393766667,0.256725000,0.556966667,0.337900000,0.548466667,0.519050000,0.480133333,0.442300000,0.548833333,0.527133333,0.402766667,0.544333333,0.603075000,0.672550000,0.394466667,0.461066667,0.452700000,0.366325000,0.476200000,0.522233333,0.392440000
0.9818 ,0.395300000,0.258625000,0.560733333,0.339266667,0.550366667,0.522350000,0.482266667,0.443633333,0.550733333,0.529100000,0.406033333,0.546800000,0.606375000,0.672100000,0.394300000,0.461333333,0.451833333,0.365950000,0.475700000,0.521266667,0.391100000
0.9829 ,0.393800000,0.258500000,0.559066667,0.339366667,0.549266667,0.521175000,0.481366667,0.442400000,0.550000000,0.527533333,0.405433333,0.546366667,0.604350000,0.669500000,0.393866667,0.459133333,0.448866667,0.363750000,0.473266667,0.520333333,0.389480000
0.9841 ,0.393266667,0.257850000,0.558900000,0.338266667,0.547400000,0.519975000,0.481500000,0.441133333,0.548166667,0.525166667,0.404466667,0.543700000,0.602225000,0.673675000,0.396433333,0.461766667,0.450700000,0.365750000,0.476200000,0.522066667,0.391920000
0.9853 ,0.393000000,0.257125000,0.555566667,0.338266667,0.549333333,0.519425000,0.482166667,0.442266667,0.548933333,0.525700000,0.404966667,0.544733333,0.604000000,0.671075000,0.394566667,0.460566667,0.449000000,0.364450000,0.474100000,0.520333333,0.389960000
0.9865 ,0.397933333,0.261425000,0.563800000,0.336700000,0.545733333,0.517425000,0.478933333,0.439133333,0.545333333,0.522500000,0.403100000,0.541866667,0.601175000,0.674300000,0.397033333,0.462600000,0.451333333,0.366425000,0.476166667,0.522966667,0.392640000
0.9877 ,0.398733333,0.261700000,0.566266667,0.339866667,0.548500000,0.520400000,0.482466667,0.442300000,0.548900000,0.526166667,0.407200000,0.545300000,0.604800000,0.671150000,0.397333333,0.463266667,0.451800000,0.367075000,0.477800000,0.521966667,0.392160000
0.9889 ,0.400000000,0.262650000,0.566200000,0.340833333,0.548866667,0.520275000,0.483200000,0.442966667,0.548466667,0.527633333,0.408600000,0.546400000,0.606125000,0.673250000,0.397666667,0.462433333,0.452466667,0.366500000,0.475633333,0.523266667,0.392500000
0.9901 ,0.394566667,0.258225000,0.559633333,0.342633333,0.551900000,0.523425000,0.484666667,0.445133333,0.551900000,0.531633333,0.411400000,0.550233333,0.610125000,0.673075000,0.396433333,0.462300000,0.452133333,0.365525000,0.475066667,0.519833333,0.390800000
0.9913 ,0.393066667,0.257425000,0.557700000,0.343933333,0.555100000,0.526800000,0.486766667,0.446633333,0.554233333,0.535066667,0.412166667,0.553366667,0.612450000,0.670125000,0.395966667,0.458533333,0.450266667,0.364775000,0.471533333,0.519533333,0.389680000
0.9925 ,0.397800000,0.260550000,0.565266667,0.342133333,0.553933333,0.522825000,0.485766667,0.443866667,0.552133333,0.530633333,0.410766667,0.550366667,0.609400000,0.675175000,0.397866667,0.462466667,0.452166667,0.366150000,0.476200000,0.522400000,0.392040000
0.9937 ,0.394200000,0.259425000,0.559400000,0.341633333,0.550033333,0.520825000,0.484800000,0.442133333,0.550933333,0.529666667,0.410200000,0.549066667,0.607650000,0.675475000,0.398666667,0.463166667,0.452600000,0.367475000,0.476200000,0.523666667,0.393560000
0.9949 ,0.394966667,0.260225000,0.562633333,0.339566667,0.549633333,0.520850000,0.485100000,0.438866667,0.547733333,0.526600000,0.408133333,0.545800000,0.605050000,0.673475000,0.398633333,0.463033333,0.453433333,0.367750000,0.476833333,0.523300000,0.392940000
0.9961 ,0.394700000,0.260725000,0.561900000,0.341400000,0.550533333,0.522725000,0.485566667,0.442433333,0.548000000,0.529300000,0.411600000,0.548500000,0.608325000,0.673925000,0.400500000,0.464266667,0.456600000,0.367775000,0.478233333,0.524700000,0.394340000
0.9973 ,0.391833333,0.258325000,0.558866667,0.339300000,0.549233333,0.519050000,0.483000000,0.439166667,0.544933333,0.527000000,0.411100000,0.543933333,0.605525000,0.671050000,0.398000000,0.460133333,0.452933333,0.365050000,0.473366667,0.520300000,0.391000000
0.9985 ,0.394866667,0.259375000,0.565466667,0.341966667,0.551433333,0.523725000,0.485066667,0.441266667,0.548600000,0.529933333,0.414700000,0.548033333,0.608500000,0.669850000,0.396800000,0.456633333,0.451700000,0.363725000,0.470900000,0.519566667,0.389620000
0.9997 ,0.398300000,0.260100000,0.567933333,0.342633333,0.556366667,0.525450000,0.485700000,0.443633333,0.550300000,0.532100000,0.415166667,0.549133333,0.610900000,0.670325000,0.396033333,0.457066667,0.451400000,0.363325000,0.470533333,0.519766667,0.389100000
1.0010 ,0.398600000,0.260425000,0.569466667,0.340766667,0.555533333,0.522550000,0.485533333,0.439233333,0.547100000,0.532000000,0.412400000,0.550300000,0.610775000,0.675725000,0.398133333,0.458633333,0.454766667,0.365325000,0.475300000,0.523433333,0.392220000
1.0022 ,0.396933333,0.260800000,0.571233333,0.342166667,0.559100000,0.525775000,0.487466667,0.439433333,0.548400000,0.533300000,0.413633333,0.551933333,0.614025000,0.668250000,0.392666667,0.452666667,0.448233333,0.360925000,0.467633333,0.518666667,0.386080000
1.0034 ,0.394166667,0.262500000,0.571666667,0.337800000,0.553733333,0.521200000,0.485133333,0.433733333,0.544300000,0.533366667,0.411000000,0.549033333,0.609450000,0.667825000,0.389733333,0.450533333,0.447133333,0.360125000,0.468866667,0.518700000,0.384480000
1.0046 ,0.396933333,0.263900000,0.575933333,0.335933333,0.554100000,0.522100000,0.484866667,0.431200000,0.541166667,0.529900000,0.413866667,0.550633333,0.607800000,0.668975000,0.387966667,0.444966667,0.442833333,0.358350000,0.465866667,0.512466667,0.380620000
1.0059 ,0.389900000,0.257550000,0.565633333,0.333333333,0.550500000,0.520000000,0.483000000,0.426666667,0.536200000,0.523800000,0.412400000,0.554300000,0.604275000,0.666000000,0.387533333,0.442666667,0.443233333,0.358075000,0.463500000,0.512000000,0.380780000
1.0071 ,0.388866667,0.257500000,0.566666667,0.330533333,0.547966667,0.520350000,0.480666667,0.422900000,0.531300000,0.522933333,0.409400000,0.543766667,0.601575000,0.663025000,0.383566667,0.433833333,0.435433333,0.353025000,0.454100000,0.506266667,0.375660000
1.0083 ,0.395900000,0.261125000,0.577800000,0.334066667,0.560900000,0.525825000,0.487666667,0.424100000,0.536766667,0.531000000,0.413766667,0.556300000,0.612075000,0.664675000,0.385166667,0.434933333,0.437766667,0.354175000,0.455033333,0.514266667,0.377520000
1.0096 ,0.393766667,0.259000000,0.581333333,0.330866667,0.555533333,0.520350000,0.486800000,0.418500000,0.533300000,0.538233333,0.411100000,0.550600000,0.612950000,0.659225000,0.379666667,0.425966667,0.433533333,0.348425000,0.450333333,0.508500000,0.373260000
1.0108 ,0.400000000,0.263050000,0.594200000,0.325066667,0.549033333,0.517625000,0.479933333,0.414366667,0.524200000,0.533333333,0.407833333,0.543800000,0.603925000,0.661300000,0.380600000,0.425466667,0.435166667,0.351050000,0.451933333,0.516366667,0.371940000
1.0120 ,0.389900000,0.259100000,0.581800000,0.321300000,0.552766667,0.518775000,0.476166667,0.406933333,0.518066667,0.530533333,0.406966667,0.547233333,0.602075000,0.657375000,0.384300000,0.428766667,0.433533333,0.350275000,0.455666667,0.517633333,0.375060000
1.0133 ,0.404033333,0.265925000,0.600000000,0.326533333,0.555100000,0.520375000,0.482033333,0.413600000,0.525133333,0.536066667,0.409533333,0.549633333,0.606125000,0.656525000,0.381133333,0.426433333,0.433133333,0.349325000,0.452800000,0.513233333,0.372180000
0.9644 ,0.406366667,0.270350000,0.559100000,0.331666667,0.553233333,0.532100000,0.475200000,0.452600000,0.550300000,0.531366667,0.382900000,0.542733333,0.600575000,0.689675000,0.381833333,0.472066667,0.431466667,0.376100000,0.486400000,0.537000000,0.382800000
0.9682 ,0.404000000,0.266975000,0.556133333,0.336700000,0.550800000,0.527025000,0.477400000,0.452266667,0.551900000,0.526266667,0.387833333,0.538800000,0.596750000,0.686050000,0.390400000,0.474666667,0.442100000,0.374625000,0.485033333,0.531966667,0.387560000
0.9721 ,0.402933333,0.264825000,0.554133333,0.339266667,0.548666667,0.523725000,0.477700000,0.452333333,0.552266667,0.523133333,0.391000000,0.536666667,0.594125000,0.683975000,0.395333333,0.476566667,0.448366667,0.374075000,0.485100000,0.529900000,0.390780000
0.9760 ,0.402500000,0.263450000,0.553066667,0.341000000,0.547300000,0.521800000,0.478100000,0.452533333,0.553066667,0.521700000,0.393433333,0.535433333,0.593425000,0.682675000,0.397733333,0.477400000,0.452100000,0.373775000,0.484400000,0.527766667,0.392220000
0.9798 ,0.402366667,0.263050000,0.552500000,0.342766667,0.547000000,0.521000000,0.478800000,0.453033333,0.554100000,0.521000000,0.395833333,0.535233333,0.593500000,0.681975000,0.399900000,0.478833333,0.454666667,0.373875000,0.484233333,0.526333333,0.393540000
0.9837 ,0.402700000,0.263100000,0.551966667,0.344800000,0.546433333,0.520925000,0.479666667,0.453666667,0.555066667,0.521066667,0.398466667,0.535433333,0.594475000,0.681450000,0.401400000,0.479766667,0.457033333,0.373725000,0.483766667,0.524933333,0.394660000
0.9876 ,0.402966667,0.263075000,0.552133333,0.346666667,0.546266667,0.520550000,0.480600000,0.454633333,0.556066667,0.520866667,0.401200000,0.536000000,0.594700000,0.681200000,0.403600000,0.481233333,0.459166667,0.374350000,0.484133333,0.524033333,0.395320000
0.9914 ,0.403533333,0.263350000,0.552233333,0.348600000,0.546033333,0.520650000,0.482066667,0.455700000,0.557366667,0.520966667,0.404233333,0.536300000,0.595475000,0.681125000,0.405733333,0.482833333,0.461900000,0.374850000,0.484366667,0.523533333,0.396440000
0.9953 ,0.404166667,0.263700000,0.552166667,0.350500000,0.545900000,0.520725000,0.483733333,0.457066667,0.558566667,0.521066667,0.407333333,0.536433333,0.595975000,0.681250000,0.407933333,0.484566667,0.464833333,0.375450000,0.484766667,0.523100000,0.397560000
0.9992 ,0.405100000,0.264175000,0.552366667,0.352366667,0.546066667,0.521025000,0.485800000,0.458500000,0.560033333,0.521433333,0.410733333,0.536733333,0.596600000,0.681575000,0.410366667,0.486600000,0.468366667,0.376400000,0.485466667,0.523266667,0.398980000
1.0030 ,0.405966667,0.264700000,0.552433333,0.354300000,0.546300000,0.521475000,0.488100000,0.460066667,0.561566667,0.521666667,0.414233333,0.536933333,0.597200000,0.681975000,0.412766667,0.488533333,0.472100000,0.377300000,0.486133333,0.523333333,0.400340000
1.0069 ,0.407033333,0.265325000,0.552733333,0.356400000,0.546600000,0.521975000,0.490566667,0.461733333,0.563133333,0.522066667,0.418066667,0.537300000,0.598075000,0.682450000,0.415433333,0.490666667,0.475966667,0.378375000,0.486933333,0.523600000,0.401820000
1.0107 ,0.408033333,0.265950000,0.553066667,0.358500000,0.546800000,0.522525000,0.493033333,0.463300000,0.564700000,0.522533333,0.421833333,0.537633333,0.598800000,0.682775000,0.418066667,0.492733333,0.479966667,0.379325000,0.487700000,0.523866667,0.403280000
1.0146 ,0.409000000,0.266650000,0.553366667,0.360600000,0.547066667,0.523000000,0.495566667,0.464933333,0.566233333,0.523066667,0.425800000,0.538166667,0.599650000,0.683125000,0.420833333,0.494866667,0.484000000,0.380350000,0.488466667,0.523966667,0.404800000
1.0184 ,0.410000000,0.267250000,0.553633333,0.362666667,0.547266667,0.523625000,0.498066667,0.466466667,0.567766667,0.523566667,0.429700000,0.538533333,0.600475000,0.683475000,0.423466667,0.496866667,0.488066667,0.381375000,0.489200000,0.524200000,0.406180000
1.0223 ,0.411000000,0.267950000,0.554033333,0.364666667,0.547500000,0.524150000,0.500600000,0.468033333,0.569233333,0.524166667,0.433566667,0.539033333,0.601325000,0.683775000,0.426100000,0.498800000,0.492033333,0.382425000,0.489900000,0.524300000,0.407580000
1.0262 ,0.411966667,0.268625000,0.554333333,0.366633333,0.547766667,0.524775000,0.503100000,0.469533333,0.570800000,0.524700000,0.437333333,0.539566667,0.602150000,0.684075000,0.428533333,0.500700000,0.495933333,0.383400000,0.490600000,0.524533333,0.408920000
1.0300 ,0.413000000,0.269375000,0.554766667,0.368633333,0.548033333,0.525350000,0.505500000,0.471066667,0.572266667,0.525300000,0.441000000,0.540033333,0.602975000,0.684550000,0.431133333,0.502766667,0.499766667,0.384500000,0.491466667,0.524866667,0.410340000
1.0338 ,0.413966667,0.270050000,0.555100000,0.370533333,0.548333333,0.525975000,0.507833333,0.472633333,0.573700000,0.525833333,0.444566667,0.540500000,0.603800000,0.685075000,0.433566667,0.504733333,0.503466667,0.385500000,0.492166667,0.525166667,0.411660000
1.0377 ,0.415000000,0.270800000,0.555466667,0.372466667,0.548733333,0.526800000,0.510200000,0.474266667,0.575300000,0.526466667,0.447966667,0.541066667,0.604725000,0.685575000,0.436000000,0.506633333,0.507033333,0.386475000,0.492966667,0.525533333,0.413000000
1.0416 ,0.416033333,0.271550000,0.555900000,0.374333333,0.549200000,0.527500000,0.512466667,0.475966667,0.576800000,0.527133333,0.451133333,0.541600000,0.605575000,0.686250000,0.438366667,0.508633333,0.510500000,0.387600000,0.493833333,0.526100000,0.414320000
1.0454 ,0.417000000,0.272200000,0.556300000,0.375933333,0.549566667,0.528225000,0.514533333,0.477533333,0.578266667,0.527766667,0.454000000,0.542166667,0.606375000,0.686750000,0.440400000,0.510400000,0.513600000,0.388575000,0.494566667,0.526533333,0.415460000
1.0492 ,0.417966667,0.272875000,0.556566667,0.377400000,0.549866667,0.528850000,0.516200000,0.478933333,0.579566667,0.528300000,0.456466667,0.542600000,0.607150000,0.687325000,0.442266667,0.512200000,0.516533333,0.389475000,0.495366667,0.527000000,0.416580000
1.0531 ,0.419000000,0.273575000,0.557133333,0.378800000,0.550266667,0.529600000,0.517900000,0.480433333,0.580966667,0.529000000,0.458833333,0.543200000,0.607975000,0.687875000,0.443933333,0.514000000,0.519166667,0.390450000,0.496166667,0.527466667,0.417620000
1.0569 ,0.419900000,0.274225000,0.557466667,0.379966667,0.550600000,0.530225000,0.519366667,0.481733333,0.582200000,0.529600000,0.460766667,0.543666667,0.608725000,0.688350000,0.445266667,0.515600000,0.521400000,0.391325000,0.496800000,0.527866667,0.418480000
1.0608 ,0.420766667,0.274875000,0.557866667,0.381100000,0.551033333,0.531000000,0.520700000,0.483200000,0.583633333,0.530366667,0.462566667,0.544400000,0.609800000,0.688975000,0.446533333,0.517366667,0.523533333,0.392225000,0.497600000,0.528400000,0.419420000
1.0646 ,0.421733333,0.275550000,0.558300000,0.382100000,0.551400000,0.531725000,0.521800000,0.484566667,0.584900000,0.531033333,0.463966667,0.544966667,0.610550000,0.689450000,0.447533333,0.518933333,0.525233333,0.393025000,0.498333333,0.528866667,0.420180000
1.0685 ,0.422600000,0.276150000,0.558733333,0.382966667,0.551833333,0.532525000,0.522766667,0.485966667,0.586266667,0.531766667,0.465166667,0.545633333,0.611425000,0.690000000,0.448433333,0.520566667,0.526833333,0.393950000,0.499100000,0.529433333,0.420920000
1.0723 ,0.423500000,0.276850000,0.559100000,0.383733333,0.552300000,0.533300000,0.523566667,0.487400000,0.587566667,0.532533333,0.465966667,0.546300000,0.612275000,0.690550000,0.449066667,0.522100000,0.528000000,0.394750000,0.499833333,0.529966667,0.421560000
1.0762 ,0.424333333,0.277425000,0.559566667,0.384333333,0.552666667,0.534050000,0.524100000,0.488666667,0.588700000,0.533166667,0.466366667,0.546833333,0.613050000,0.691125000,0.449466667,0.523633333,0.528966667,0.395525000,0.500600000,0.530566667,0.422240000
1.0800 ,0.425333333,0.278050000,0.560000000,0.384800000,0.553100000,0.534850000,0.524500000,0.490033333,0.589933333,0.533833333,0.466466667,0.547266667,0.613725000,0.691725000,0.449666667,0.525166667,0.529500000,0.396275000,0.501366667,0.531233333,0.422720000
1.0838 ,0.426433333,0.278825000,0.560566667,0.385266667,0.553733333,0.535700000,0.524833333,0.491633333,0.591266667,0.534533333,0.466233333,0.547733333,0.614400000,0.692675000,0.450000000,0.526933333,0.530133333,0.397250000,0.502466667,0.532366667,0.423460000
1.0877 ,0.427433333,0.279475000,0.561100000,0.385433333,0.554166667,0.536450000,0.525066667,0.493033333,0.592400000,0.535200000,0.465700000,0.548233333,0.615075000,0.693425000,0.449866667,0.528466667,0.530266667,0.398075000,0.503400000,0.533200000,0.423900000
1.0915 ,0.428266667,0.280050000,0.561633333,0.385200000,0.554433333,0.537175000,0.524800000,0.494100000,0.593433333,0.535833333,0.464766667,0.548733333,0.615725000,0.693950000,0.449400000,0.529966667,0.530200000,0.398875000,0.504300000,0.534033333,0.424220000
1.0953 ,0.428966667,0.280525000,0.562033333,0.384466667,0.554666667,0.537725000,0.524300000,0.494966667,0.594300000,0.536433333,0.463366667,0.549066667,0.616200000,0.694250000,0.448133333,0.531233333,0.529700000,0.399550000,0.505033333,0.534733333,0.424220000
1.0992 ,0.429733333,0.281000000,0.562600000,0.383566667,0.554900000,0.538400000,0.523833333,0.495966667,0.595233333,0.537033333,0.461666667,0.549266667,0.616675000,0.694625000,0.446666667,0.532533333,0.528933333,0.400350000,0.505800000,0.535700000,0.424300000
1.1030 ,0.430533333,0.281525000,0.563033333,0.382500000,0.555200000,0.539075000,0.523366667,0.497000000,0.596100000,0.537600000,0.459633333,0.549433333,0.617050000,0.695075000,0.444966667,0.533733333,0.528000000,0.401175000,0.506666667,0.536866667,0.424420000
1.1068 ,0.431266667,0.282125000,0.563733333,0.381200000,0.555366667,0.539725000,0.522666667,0.497666667,0.596700000,0.538233333,0.457466667,0.549633333,0.617375000,0.695350000,0.442933333,0.534766667,0.526900000,0.402025000,0.507533333,0.537833333,0.424400000
1.1107 ,0.431733333,0.282550000,0.564333333,0.379433333,0.555200000,0.540150000,0.521866667,0.497933333,0.596966667,0.538733333,0.454966667,0.549666667,0.617525000,0.695125000,0.440333333,0.535533333,0.525766667,0.403025000,0.508366667,0.538866667,0.424420000
1.1145 ,0.432166667,0.283250000,0.564966667,0.377100000,0.555033333,0.540675000,0.520933333,0.498200000,0.596966667,0.539100000,0.451733333,0.549333333,0.617200000,0.695025000,0.437300000,0.536200000,0.524633333,0.404350000,0.509366667,0.540466667,0.424960000
1.1183 ,0.433133333,0.284275000,0.565900000,0.374433333,0.555666667,0.541675000,0.520633333,0.499433333,0.597500000,0.539600000,0.447633333,0.548433333,0.616775000,0.695500000,0.433833333,0.537300000,0.523300000,0.406475000,0.511133333,0.543833333,0.426380000
1.1222 ,0.435300000,0.286050000,0.567433333,0.372133333,0.557700000,0.544125000,0.521266667,0.502733333,0.599033333,0.540666667,0.442600000,0.547733333,0.616600000,0.697700000,0.431033333,0.539466667,0.521200000,0.409250000,0.514533333,0.549733333,0.429000000
1.1260 ,0.438266667,0.288250000,0.569400000,0.370566667,0.560633333,0.546900000,0.521333333,0.506300000,0.601066667,0.542200000,0.437133333,0.547900000,0.617350000,0.701050000,0.428266667,0.541800000,0.516600000,0.411350000,0.518066667,0.555533333,0.430840000
1.1298 ,0.439633333,0.289100000,0.570833333,0.368333333,0.562333333,0.548650000,0.518700000,0.507866667,0.602200000,0.543600000,0.430800000,0.549000000,0.618650000,0.703050000,0.423900000,0.542166667,0.509166667,0.411700000,0.519500000,0.557800000,0.429640000
1.1336 ,0.439800000,0.288925000,0.571333333,0.365033333,0.563133333,0.549750000,0.512833333,0.508133333,0.602433333,0.544633333,0.421700000,0.550500000,0.620225000,0.704250000,0.416933333,0.541500000,0.497166667,0.409950000,0.519466667,0.557800000,0.425540000
1.1374 ,0.439266667,0.288575000,0.571866667,0.359833333,0.563100000,0.549850000,0.505033333,0.506766667,0.601800000,0.545633333,0.410933333,0.551966667,0.621525000,0.704225000,0.407633333,0.539600000,0.483866667,0.407975000,0.518600000,0.556266667,0.420160000
1.1413 ,0.438766667,0.288325000,0.572533333,0.354500000,0.562866667,0.550100000,0.497800000,0.505700000,0.600966667,0.546266667,0.400666667,0.553200000,0.622500000,0.703850000,0.398500000,0.537900000,0.471866667,0.406650000,0.518233333,0.555800000,0.415620000
1.1451 ,0.438300000,0.288075000,0.573166667,0.348200000,0.562900000,0.550450000,0.490333333,0.504600000,0.600066667,0.546900000,0.388800000,0.553833333,0.623100000,0.703550000,0.388066667,0.535966667,0.458500000,0.405275000,0.517966667,0.555800000,0.410820000
1.1489 ,0.437966667,0.287850000,0.573700000,0.341866667,0.564100000,0.551575000,0.483600000,0.504700000,0.599600000,0.547666667,0.376633333,0.554633333,0.623825000,0.705025000,0.377733333,0.533900000,0.443333333,0.403725000,0.518066667,0.557166667,0.405720000
1.1527 ,0.437866667,0.287850000,0.574766667,0.337233333,0.565333333,0.553075000,0.478166667,0.504266667,0.599000000,0.548933333,0.367100000,0.556200000,0.625300000,0.706400000,0.369200000,0.531566667,0.429333333,0.401450000,0.517433333,0.557266667,0.400000000
1.1566 ,0.437233333,0.287575000,0.575466667,0.334200000,0.566000000,0.553800000,0.473633333,0.502766667,0.597700000,0.550166667,0.361233333,0.558200000,0.627000000,0.707350000,0.363366667,0.528933333,0.418966667,0.399025000,0.516300000,0.556100000,0.394880000
1.1604 ,0.436233333,0.287150000,0.576000000,0.332133333,0.565966667,0.554000000,0.470000000,0.500666667,0.596100000,0.551033333,0.357800000,0.560233333,0.628675000,0.707375000,0.359266667,0.526300000,0.411766667,0.396850000,0.514733333,0.554133333,0.390480000
1.1642 ,0.435400000,0.286950000,0.576666667,0.330933333,0.565933333,0.554325000,0.467500000,0.498933333,0.594633333,0.552066667,0.355933333,0.562066667,0.630425000,0.707250000,0.356333333,0.524033333,0.406900000,0.395450000,0.513500000,0.552633333,0.387380000
1.1680 ,0.434733333,0.286975000,0.577300000,0.330033333,0.565866667,0.554650000,0.465733333,0.497500000,0.593233333,0.552933333,0.354966667,0.563566667,0.631900000,0.707175000,0.354166667,0.522366667,0.403600000,0.394650000,0.512566667,0.551666667,0.385220000
1.1718 ,0.434300000,0.287125000,0.577900000,0.329433333,0.565966667,0.555075000,0.464700000,0.496500000,0.592100000,0.553766667,0.354433333,0.564766667,0.633250000,0.707425000,0.352566667,0.521133333,0.401233333,0.394200000,0.511966667,0.551233333,0.383720000
1.1756 ,0.434100000,0.287450000,0.578600000,0.329100000,0.566100000,0.555575000,0.464200000,0.495700000,0.591166667,0.554633333,0.354166667,0.565900000,0.634450000,0.707700000,0.351166667,0.520100000,0.399466667,0.394050000,0.511700000,0.551166667,0.382660000
1.1794 ,0.434066667,0.287750000,0.579366667,0.328733333,0.566466667,0.556275000,0.463966667,0.495233333,0.590333333,0.555433333,0.354000000,0.566766667,0.635500000,0.708150000,0.349833333,0.519300000,0.397800000,0.394100000,0.511600000,0.551500000,0.381660000
1.1832 ,0.434166667,0.288275000,0.580133333,0.328366667,0.567033333,0.557125000,0.463966667,0.494866667,0.589633333,0.556333333,0.353666667,0.567500000,0.636525000,0.708950000,0.348533333,0.518533333,0.396100000,0.394275000,0.511633333,0.552133333,0.380840000
1.1871 ,0.434500000,0.288875000,0.581000000,0.328166667,0.567766667,0.558075000,0.464133333,0.494800000,0.589100000,0.557133333,0.353466667,0.568300000,0.637600000,0.709775000,0.347500000,0.517900000,0.394366667,0.394500000,0.511700000,0.552800000,0.380080000
1.1909 ,0.434866667,0.289450000,0.581866667,0.328266667,0.568333333,0.558925000,0.464300000,0.494733333,0.588800000,0.558000000,0.353500000,0.569233333,0.638675000,0.710450000,0.346766667,0.517433333,0.392966667,0.394725000,0.511700000,0.553233333,0.379380000
1.1947 ,0.435100000,0.289950000,0.582533333,0.328300000,0.568500000,0.559525000,0.464233333,0.494600000,0.588500000,0.558733333,0.353600000,0.570033333,0.639750000,0.710800000,0.346266667,0.516933333,0.391933333,0.394925000,0.511566667,0.553333333,0.378740000
1.1985 ,0.435500000,0.290575000,0.583233333,0.328466667,0.568900000,0.560150000,0.464466667,0.494633333,0.588566667,0.559500000,0.353933333,0.570800000,0.640700000,0.711175000,0.346233333,0.516866667,0.391633333,0.395325000,0.511533333,0.553566667,0.378520000
1.2023 ,0.436233333,0.291325000,0.584166667,0.329066667,0.569400000,0.561025000,0.465266667,0.495200000,0.588933333,0.560333333,0.354700000,0.571566667,0.641750000,0.711925000,0.346866667,0.517300000,0.391933333,0.396050000,0.511900000,0.554233333,0.378840000
1.2061 ,0.437300000,0.292325000,0.585166667,0.330166667,0.570233333,0.562075000,0.466566667,0.496200000,0.589900000,0.561466667,0.356033333,0.572633333,0.643125000,0.712625000,0.347933333,0.517966667,0.392700000,0.396775000,0.512333333,0.554766667,0.379320000
1.2099 ,0.438266667,0.293225000,0.585933333,0.331400000,0.570766667,0.563000000,0.467766667,0.497133333,0.590766667,0.562366667,0.357400000,0.573400000,0.644225000,0.713450000,0.349266667,0.518866667,0.393800000,0.397700000,0.512866667,0.555333333,0.380220000
1.2137 ,0.439300000,0.294175000,0.586466667,0.332766667,0.571266667,0.563725000,0.469033333,0.498166667,0.591866667,0.563133333,0.359066667,0.574200000,0.645275000,0.714000000,0.350800000,0.519966667,0.395166667,0.398650000,0.513366667,0.555733333,0.381420000
1.2175 ,0.440333333,0.294950000,0.586700000,0.334366667,0.571466667,0.564250000,0.470333333,0.499266667,0.593100000,0.563666667,0.360966667,0.574700000,0.646075000,0.714475000,0.352566667,0.521266667,0.397033333,0.399600000,0.513933333,0.555866667,0.382840000
1.2213 ,0.441233333,0.295650000,0.586566667,0.336000000,0.571500000,0.564500000,0.471600000,0.500466667,0.594433333,0.564033333,0.363033333,0.575033333,0.646675000,0.714800000,0.354466667,0.522766667,0.399100000,0.400575000,0.514466667,0.555733333,0.384420000
1.2251 ,0.442066667,0.296375000,0.586066667,0.337766667,0.571466667,0.564725000,0.472966667,0.501900000,0.596133333,0.564300000,0.365266667,0.575166667,0.647100000,0.714975000,0.356533333,0.524533333,0.401366667,0.401525000,0.515033333,0.555566667,0.386040000
1.2289 ,0.443133333,0.297150000,0.585600000,0.339533333,0.571433333,0.564900000,0.474466667,0.503366667,0.597866667,0.564533333,0.367600000,0.575300000,0.647475000,0.715200000,0.358600000,0.526466667,0.403766667,0.402600000,0.515733333,0.555433333,0.387720000
1.2327 ,0.444200000,0.297875000,0.585233333,0.341266667,0.571433333,0.565050000,0.475766667,0.504833333,0.599533333,0.564666667,0.369866667,0.575533333,0.647900000,0.715400000,0.360633333,0.528433333,0.406100000,0.403550000,0.516500000,0.555300000,0.389320000
1.2365 ,0.445066667,0.298525000,0.584900000,0.342733333,0.571333333,0.565225000,0.477000000,0.506133333,0.601100000,0.564933333,0.371833333,0.575700000,0.648250000,0.715550000,0.362500000,0.530300000,0.408300000,0.404400000,0.517166667,0.555200000,0.390740000
1.2403 ,0.445900000,0.299175000,0.584600000,0.344033333,0.571166667,0.565275000,0.478066667,0.507333333,0.602433333,0.564933333,0.373566667,0.575766667,0.648425000,0.715575000,0.364066667,0.531933333,0.410233333,0.405125000,0.517700000,0.554966667,0.391860000
1.2441 ,0.446833333,0.299875000,0.584433333,0.345233333,0.571166667,0.565500000,0.479200000,0.508500000,0.603866667,0.565300000,0.375333333,0.575900000,0.648700000,0.715750000,0.365633333,0.533666667,0.412200000,0.406000000,0.518366667,0.555033333,0.392960000
1.2478 ,0.447566667,0.300450000,0.584266667,0.346266667,0.571133333,0.565675000,0.480200000,0.509566667,0.605066667,0.565500000,0.376866667,0.575966667,0.648925000,0.715875000,0.366866667,0.535166667,0.413933333,0.406650000,0.518933333,0.555066667,0.393900000
1.2516 ,0.448466667,0.301125000,0.584166667,0.347200000,0.571166667,0.566025000,0.481266667,0.510666667,0.606333333,0.565900000,0.378400000,0.576300000,0.649350000,0.716075000,0.368033333,0.536666667,0.415666667,0.407475000,0.519600000,0.555200000,0.394780000
1.2554 ,0.449300000,0.301675000,0.584166667,0.348000000,0.571166667,0.566325000,0.482066667,0.511733333,0.607666667,0.566233333,0.379633333,0.576533333,0.649850000,0.716100000,0.369000000,0.538066667,0.417100000,0.408075000,0.520166667,0.555200000,0.395420000
1.2592 ,0.450300000,0.302400000,0.584433333,0.348666667,0.571300000,0.566725000,0.482900000,0.512800000,0.608866667,0.566800000,0.380766667,0.576900000,0.650500000,0.716450000,0.369866667,0.539633333,0.418533333,0.408925000,0.520900000,0.555433333,0.396160000
1.2630 ,0.451066667,0.302950000,0.584500000,0.349133333,0.571333333,0.567125000,0.483533333,0.513733333,0.609866667,0.567300000,0.381533333,0.577166667,0.651100000,0.716650000,0.370366667,0.540766667,0.419400000,0.409475000,0.521366667,0.555533333,0.396500000
1.2668 ,0.452000000,0.303600000,0.584566667,0.349733333,0.571700000,0.567725000,0.484466667,0.515000000,0.611133333,0.567766667,0.382200000,0.577466667,0.651750000,0.717300000,0.371000000,0.542033333,0.420100000,0.410125000,0.522100000,0.556066667,0.396980000
1.2706 ,0.452933333,0.304300000,0.584566667,0.350300000,0.572100000,0.568175000,0.485133333,0.516300000,0.612233333,0.568066667,0.382566667,0.577500000,0.651950000,0.717975000,0.371500000,0.543200000,0.420400000,0.410725000,0.522800000,0.556633333,0.397540000
1.2743 ,0.453933333,0.305100000,0.584633333,0.350833333,0.572400000,0.568700000,0.485533333,0.517566667,0.613400000,0.568400000,0.382633333,0.577666667,0.652300000,0.718550000,0.371833333,0.544566667,0.420633333,0.411375000,0.523666667,0.557133333,0.398180000
1.2781 ,0.454733333,0.305750000,0.584633333,0.351033333,0.572333333,0.568950000,0.485433333,0.518633333,0.614400000,0.568566667,0.382233333,0.577733333,0.652575000,0.718650000,0.371766667,0.545666667,0.420533333,0.411900000,0.524266667,0.557166667,0.398540000
1.2819 ,0.455466667,0.306375000,0.584566667,0.350866667,0.572400000,0.569100000,0.485066667,0.519700000,0.615466667,0.568800000,0.381400000,0.577833333,0.652900000,0.718725000,0.371200000,0.546833333,0.420066667,0.412425000,0.524900000,0.557300000,0.398720000
1.2857 ,0.456200000,0.306975000,0.584500000,0.350300000,0.572233333,0.569275000,0.484400000,0.520600000,0.616400000,0.569066667,0.380200000,0.577966667,0.653050000,0.718750000,0.370166667,0.547800000,0.419166667,0.412750000,0.525433333,0.557366667,0.398580000
1.2895 ,0.456833333,0.307350000,0.584400000,0.349400000,0.572133333,0.569325000,0.483533333,0.521433333,0.617400000,0.569166667,0.378600000,0.578033333,0.653175000,0.718675000,0.368633333,0.548700000,0.417700000,0.412925000,0.525933333,0.557466667,0.398080000
1.2932 ,0.457500000,0.307875000,0.584433333,0.348166667,0.572033333,0.569450000,0.482433333,0.522233333,0.618400000,0.569466667,0.376433333,0.578000000,0.653225000,0.718750000,0.366800000,0.549633333,0.415866667,0.413200000,0.526533333,0.557766667,0.397500000
1.2970 ,0.458200000,0.308250000,0.584433333,0.346566667,0.572066667,0.569725000,0.481233333,0.523066667,0.619366667,0.569633333,0.373833333,0.577900000,0.653275000,0.718875000,0.364400000,0.550466667,0.413366667,0.413375000,0.527166667,0.558133333,0.396640000
1.3008 ,0.458900000,0.308775000,0.584466667,0.344733333,0.572233333,0.570125000,0.479900000,0.523933333,0.620366667,0.569966667,0.370900000,0.577900000,0.653325000,0.719075000,0.361633333,0.551166667,0.410300000,0.413425000,0.527866667,0.558766667,0.395660000
1.3046 ,0.459600000,0.309175000,0.584700000,0.342466667,0.572333333,0.570425000,0.478266667,0.524466667,0.621133333,0.570200000,0.367333333,0.577766667,0.653400000,0.719275000,0.358333333,0.551533333,0.406566667,0.413450000,0.528500000,0.559400000,0.394300000
1.3083 ,0.460033333,0.309450000,0.584733333,0.339666667,0.572300000,0.570575000,0.476200000,0.524866667,0.621633333,0.570400000,0.363233333,0.577666667,0.653250000,0.719450000,0.354433333,0.551766667,0.402333333,0.413400000,0.529100000,0.560066667,0.392660000
1.3121 ,0.460266667,0.309625000,0.584833333,0.336433333,0.572333333,0.570850000,0.473900000,0.525033333,0.622000000,0.570600000,0.358666667,0.577533333,0.653125000,0.719500000,0.349866667,0.551466667,0.397133333,0.413075000,0.529533333,0.560700000,0.390600000
1.3159 ,0.460400000,0.309700000,0.584866667,0.332833333,0.572400000,0.571025000,0.471166667,0.524966667,0.622066667,0.570766667,0.353566667,0.577333333,0.652850000,0.719550000,0.344766667,0.550666667,0.391266667,0.412550000,0.529866667,0.561433333,0.388080000
1.3196 ,0.460466667,0.309800000,0.585166667,0.328766667,0.572400000,0.571325000,0.468266667,0.524533333,0.621833333,0.571066667,0.348066667,0.577233333,0.652650000,0.719525000,0.339033333,0.549600000,0.384633333,0.411750000,0.530133333,0.562000000,0.385160000
1.3234 ,0.460233333,0.309825000,0.585466667,0.324466667,0.572166667,0.571325000,0.464933333,0.523466667,0.621066667,0.571200000,0.342433333,0.577100000,0.652275000,0.719300000,0.333166667,0.548233333,0.378100000,0.411100000,0.530300000,0.562700000,0.382140000
1.3272 ,0.459800000,0.309750000,0.585766667,0.319633333,0.572000000,0.571400000,0.461900000,0.522366667,0.620166667,0.571333333,0.336466667,0.576766667,0.651675000,0.719000000,0.326833333,0.546300000,0.371166667,0.410450000,0.530366667,0.563700000,0.379040000
1.3309 ,0.459500000,0.309725000,0.586033333,0.314766667,0.572333333,0.571950000,0.459100000,0.521466667,0.619100000,0.571500000,0.330366667,0.576266667,0.650975000,0.719350000,0.320400000,0.544333333,0.363800000,0.409875000,0.530866667,0.565600000,0.375860000
1.3347 ,0.459000000,0.309775000,0.586500000,0.309800000,0.572933333,0.572575000,0.456233333,0.520133333,0.617533333,0.571666667,0.324000000,0.575833333,0.650125000,0.719675000,0.313566667,0.541466667,0.355533333,0.408850000,0.531000000,0.567333333,0.372020000
1.3384 ,0.458166667,0.309650000,0.587066667,0.305000000,0.572733333,0.572775000,0.453000000,0.517766667,0.615200000,0.571800000,0.318466667,0.575700000,0.649375000,0.719350000,0.307133333,0.538266667,0.348066667,0.407750000,0.530633333,0.568066667,0.368140000
1.3422 ,0.456900000,0.309625000,0.587933333,0.300700000,0.572200000,0.572725000,0.449800000,0.514900000,0.612400000,0.572133333,0.313833333,0.575733333,0.649025000,0.718025000,0.301866667,0.534733333,0.342766667,0.407250000,0.529866667,0.568266667,0.365180000
1.3460 ,0.455500000,0.309625000,0.588800000,0.296733333,0.571300000,0.572525000,0.446900000,0.511800000,0.609500000,0.572500000,0.310200000,0.575733333,0.648325000,0.716200000,0.297700000,0.531500000,0.339500000,0.407400000,0.529100000,0.568666667,0.363420000
1.3497 ,0.454300000,0.310025000,0.590700000,0.294166667,0.571566667,0.573625000,0.446333333,0.509566667,0.606800000,0.573666667,0.308433333,0.576333333,0.648550000,0.715025000,0.295133333,0.528366667,0.338500000,0.408350000,0.528733333,0.570266667,0.363040000
1.3535 ,0.454133333,0.311100000,0.594300000,0.294700000,0.574066667,0.576450000,0.449200000,0.507733333,0.604533333,0.576300000,0.311433333,0.578666667,0.649650000,0.715875000,0.296400000,0.525100000,0.340833333,0.409525000,0.528833333,0.573666667,0.364080000
1.3572 ,0.454200000,0.313475000,0.600366667,0.299633333,0.579833333,0.581550000,0.458900000,0.505666667,0.600900000,0.581566667,0.321133333,0.584500000,0.654225000,0.719875000,0.302533333,0.520433333,0.345866667,0.409100000,0.527933333,0.577133333,0.364280000
1.3610 ,0.451366667,0.312750000,0.603033333,0.305566667,0.584733333,0.584400000,0.466666667,0.500033333,0.593766667,0.584733333,0.334733333,0.588200000,0.655200000,0.723650000,0.309433333,0.513666667,0.348400000,0.406250000,0.524600000,0.577166667,0.361060000
1.3647 ,0.447433333,0.313350000,0.605600000,0.307100000,0.588833333,0.586600000,0.468966667,0.496066667,0.588800000,0.587066667,0.341200000,0.594066667,0.657475000,0.725550000,0.311433333,0.506833333,0.348133333,0.400600000,0.520500000,0.576766667,0.356320000
1.3685 ,0.446366667,0.312850000,0.605233333,0.306666667,0.590466667,0.589275000,0.468566667,0.495233333,0.587633333,0.588566667,0.339966667,0.595233333,0.657850000,0.725075000,0.307400000,0.502766667,0.343533333,0.401400000,0.520400000,0.577766667,0.352220000
1.3722 ,0.446833333,0.313650000,0.608400000,0.303400000,0.590800000,0.589800000,0.468033333,0.491000000,0.586800000,0.587800000,0.337300000,0.591800000,0.656450000,0.725000000,0.306633333,0.500966667,0.340800000,0.402100000,0.522466667,0.583000000,0.351540000
1.3760 ,0.443066667,0.312850000,0.604566667,0.296966667,0.587866667,0.590150000,0.466666667,0.490900000,0.582800000,0.584833333,0.331300000,0.590900000,0.651500000,0.727025000,0.301600000,0.497000000,0.336300000,0.401050000,0.520866667,0.586300000,0.350000000
1.3797 ,0.441200000,0.311500000,0.605166667,0.296300000,0.589400000,0.588125000,0.467733333,0.488900000,0.578866667,0.586233333,0.324900000,0.592600000,0.653950000,0.719500000,0.295433333,0.488666667,0.331600000,0.397475000,0.517600000,0.584666667,0.345860000
1.3835 ,0.440366667,0.310200000,0.605366667,0.292933333,0.586900000,0.587675000,0.461200000,0.483033333,0.574866667,0.586900000,0.324600000,0.587966667,0.650825000,0.725700000,0.292900000,0.486066667,0.326200000,0.397550000,0.513966667,0.584766667,0.342500000
1.3872 ,0.438500000,0.314600000,0.606266667,0.285233333,0.591233333,0.588500000,0.461200000,0.483033333,0.573766667,0.585800000,0.320233333,0.589066667,0.648350000,0.722825000,0.284366667,0.485000000,0.317600000,0.396725000,0.516100000,0.586900000,0.338620000
1.3910 ,0.441933333,0.312900000,0.604300000,0.280566667,0.590700000,0.587825000,0.456766667,0.485200000,0.572766667,0.584366667,0.312233333,0.586466667,0.646325000,0.719125000,0.275966667,0.481300000,0.309133333,0.394425000,0.516600000,0.589233333,0.333640000
1.3947 ,0.438133333,0.310625000,0.602800000,0.274500000,0.588233333,0.586050000,0.450000000,0.480400000,0.569600000,0.581400000,0.300000000,0.583366667,0.639725000,0.720950000,0.268566667,0.479500000,0.296900000,0.396950000,0.517600000,0.594733333,0.328140000
1.3985 ,0.431866667,0.308700000,0.597600000,0.266866667,0.585633333,0.586050000,0.445366667,0.479033333,0.566466667,0.581066667,0.290500000,0.581033333,0.635225000,0.717775000,0.255433333,0.472833333,0.283500000,0.395375000,0.515433333,0.596000000,0.317940000
1.4022 ,0.429800000,0.306200000,0.596900000,0.256333333,0.579533333,0.579975000,0.435700000,0.471266667,0.559233333,0.571900000,0.281733333,0.571066667,0.625650000,0.714350000,0.245766667,0.466833333,0.273800000,0.393500000,0.512766667,0.594400000,0.310180000
1.4059 ,0.424400000,0.304750000,0.590666667,0.245000000,0.576866667,0.576850000,0.428366667,0.463233333,0.553100000,0.569400000,0.268000000,0.569400000,0.618600000,0.707350000,0.228433333,0.452366667,0.251500000,0.386175000,0.505966667,0.592266667,0.294640000
1.4097 ,0.414066667,0.299550000,0.583066667,0.228600000,0.568766667,0.566475000,0.412766667,0.451366667,0.541166667,0.560700000,0.247533333,0.559600000,0.604075000,0.701575000,0.206266667,0.439966667,0.226700000,0.378950000,0.498233333,0.592666667,0.274480000
1.4134 ,0.406766667,0.295700000,0.578100000,0.216366667,0.565033333,0.561750000,0.400333333,0.440200000,0.530433333,0.554500000,0.232600000,0.554966667,0.594300000,0.694550000,0.189166667,0.424966667,0.204233333,0.370675000,0.490233333,0.589233333,0.258440000
1.4171 ,0.397500000,0.291450000,0.575366667,0.207233333,0.562200000,0.559075000,0.391500000,0.430700000,0.518933333,0.553066667,0.220766667,0.553766667,0.589000000,0.689975000,0.175666667,0.409933333,0.187666667,0.364975000,0.481200000,0.585966667,0.244340000
1.4209 ,0.390300000,0.288200000,0.575833333,0.198866667,0.560800000,0.558150000,0.382566667,0.419366667,0.506433333,0.553066667,0.211766667,0.553833333,0.586375000,0.688100000,0.164666667,0.397200000,0.173533333,0.360325000,0.472600000,0.584266667,0.233280000
1.4246 ,0.382700000,0.285200000,0.576133333,0.192366667,0.560200000,0.558675000,0.376100000,0.409766667,0.496233333,0.555166667,0.205300000,0.556600000,0.587100000,0.686325000,0.156133333,0.385766667,0.162866667,0.355600000,0.465400000,0.582033333,0.224160000
1.4283 ,0.377300000,0.283475000,0.577700000,0.187866667,0.560033333,0.559150000,0.370633333,0.401833333,0.488000000,0.557800000,0.201300000,0.559500000,0.589275000,0.685875000,0.151300000,0.377133333,0.156266667,0.352000000,0.459900000,0.579333333,0.218040000
1.4321 ,0.373733333,0.282200000,0.579533333,0.185633333,0.560800000,0.560550000,0.367600000,0.396700000,0.481766667,0.560366667,0.199266667,0.562366667,0.591575000,0.685950000,0.148333333,0.371433333,0.152500000,0.349800000,0.455400000,0.578833333,0.214920000
1.4358 ,0.371466667,0.281575000,0.581733333,0.184133333,0.562033333,0.562600000,0.367066667,0.393433333,0.476766667,0.562166667,0.198033333,0.563800000,0.593575000,0.688125000,0.146200000,0.367800000,0.150500000,0.349925000,0.454166667,0.581500000,0.213820000
1.4395 ,0.369933333,0.281000000,0.583700000,0.182866667,0.563533333,0.564750000,0.366566667,0.390666667,0.472700000,0.564800000,0.196800000,0.565300000,0.595400000,0.689850000,0.144233333,0.364000000,0.148200000,0.349250000,0.452600000,0.583500000,0.211800000
1.4432 ,0.367733333,0.280450000,0.585300000,0.181266667,0.564166667,0.565550000,0.364933333,0.387333333,0.469000000,0.566233333,0.195200000,0.566600000,0.596800000,0.691075000,0.142033333,0.360800000,0.144633333,0.348075000,0.450266667,0.583733333,0.208880000
1.4470 ,0.365866667,0.279375000,0.586033333,0.179800000,0.564666667,0.566600000,0.363100000,0.384166667,0.465866667,0.567833333,0.193566667,0.568566667,0.598525000,0.692200000,0.139566667,0.357300000,0.141233333,0.345925000,0.448133333,0.582433333,0.205700000
1.4507 ,0.364233333,0.278325000,0.586700000,0.178633333,0.565133333,0.567450000,0.360866667,0.381633333,0.463633333,0.569333333,0.192633333,0.570633333,0.600625000,0.692625000,0.137166667,0.354033333,0.137766667,0.344025000,0.445633333,0.580433333,0.202720000
1.4544 ,0.362800000,0.277825000,0.586800000,0.177466667,0.564866667,0.568275000,0.358733333,0.379100000,0.461500000,0.570500000,0.191466667,0.572966667,0.602325000,0.692075000,0.135533333,0.351766667,0.135400000,0.342325000,0.443466667,0.578100000,0.200340000
1.4581 ,0.361633333,0.277350000,0.587266667,0.176633333,0.564100000,0.568275000,0.356533333,0.376900000,0.459566667,0.571366667,0.190800000,0.574600000,0.603650000,0.691775000,0.134566667,0.350300000,0.134666667,0.341275000,0.442166667,0.576300000,0.199020000
1.4618 ,0.361133333,0.277475000,0.588033333,0.176233333,0.563566667,0.568400000,0.354933333,0.375466667,0.458266667,0.572200000,0.190633333,0.575833333,0.604875000,0.690825000,0.134500000,0.349433333,0.134800000,0.341050000,0.441300000,0.575100000,0.198840000
1.4656 ,0.361500000,0.278275000,0.588933333,0.176800000,0.564366667,0.569825000,0.355533333,0.375933333,0.458600000,0.573833333,0.191266667,0.577033333,0.606625000,0.691200000,0.135433333,0.349933333,0.136166667,0.342175000,0.441700000,0.575766667,0.200160000
1.4693 ,0.363500000,0.279700000,0.590500000,0.178300000,0.566333333,0.571800000,0.358233333,0.377533333,0.459900000,0.575200000,0.192933333,0.577666667,0.608150000,0.693375000,0.137100000,0.351866667,0.138100000,0.343750000,0.443900000,0.578300000,0.202440000
1.4730 ,0.364900000,0.280250000,0.591266667,0.179533333,0.567633333,0.573375000,0.360300000,0.378600000,0.460766667,0.576100000,0.194366667,0.578100000,0.609750000,0.695925000,0.138433333,0.353066667,0.139400000,0.344650000,0.445066667,0.579600000,0.204100000
1.4767 ,0.366066667,0.280850000,0.592300000,0.180566667,0.568700000,0.574800000,0.361433333,0.379200000,0.461366667,0.577500000,0.195333333,0.579266667,0.612025000,0.697600000,0.139033333,0.353666667,0.140233333,0.344825000,0.445833333,0.579766667,0.204840000
1.4804 ,0.366166667,0.280975000,0.592166667,0.181133333,0.568700000,0.575350000,0.361266667,0.379333333,0.461233333,0.578000000,0.195733333,0.580166667,0.613750000,0.698900000,0.139866667,0.354233333,0.141033333,0.344725000,0.445700000,0.578966667,0.205320000
1.4841 ,0.367333333,0.281625000,0.593266667,0.182000000,0.569533333,0.576375000,0.361966667,0.379966667,0.461900000,0.579333333,0.196900000,0.581666667,0.616650000,0.700475000,0.140866667,0.355100000,0.142000000,0.344750000,0.446166667,0.578266667,0.206100000
1.4878 ,0.368066667,0.281850000,0.593500000,0.183066667,0.569766667,0.577050000,0.362100000,0.380266667,0.462300000,0.580166667,0.197866667,0.583066667,0.619150000,0.701650000,0.141966667,0.355900000,0.142933333,0.344450000,0.446233333,0.576900000,0.206640000
1.4915 ,0.368900000,0.282275000,0.594000000,0.184200000,0.570200000,0.577825000,0.362266667,0.380600000,0.462900000,0.581500000,0.199033333,0.585166667,0.622075000,0.702625000,0.143300000,0.356566667,0.143966667,0.344175000,0.446500000,0.575100000,0.207300000
1.4952 ,0.369666667,0.282650000,0.594566667,0.185233333,0.570166667,0.578350000,0.361966667,0.380633333,0.463466667,0.582433333,0.200066667,0.586900000,0.624600000,0.703150000,0.144466667,0.357233333,0.145066667,0.343925000,0.446566667,0.573300000,0.208040000
1.4989 ,0.370533333,0.283250000,0.594833333,0.186300000,0.570266667,0.579000000,0.362133333,0.381200000,0.464366667,0.583433333,0.201333333,0.588466667,0.626925000,0.703675000,0.145900000,0.358333333,0.146733333,0.343975000,0.446933333,0.571833333,0.209280000
1.5027 ,0.372033333,0.284175000,0.595500000,0.187766667,0.570600000,0.579850000,0.362900000,0.382233333,0.465833333,0.584333333,0.202933333,0.589600000,0.629125000,0.704675000,0.147733333,0.360100000,0.148733333,0.344575000,0.447966667,0.571300000,0.211040000
1.5063 ,0.373633333,0.285275000,0.595900000,0.189333333,0.571033333,0.580650000,0.364033333,0.383600000,0.467600000,0.585100000,0.204633333,0.590566667,0.631050000,0.705725000,0.149766667,0.362133333,0.151000000,0.345375000,0.449300000,0.571000000,0.213040000
1.5101 ,0.375333333,0.286400000,0.596366667,0.190966667,0.571500000,0.581400000,0.365266667,0.385133333,0.469366667,0.585833333,0.206233333,0.591466667,0.632850000,0.706600000,0.151900000,0.364200000,0.153100000,0.346375000,0.450833333,0.570966667,0.215140000
1.5138 ,0.376800000,0.287425000,0.596666667,0.192500000,0.571733333,0.581925000,0.366300000,0.386533333,0.471100000,0.586433333,0.207800000,0.592166667,0.634425000,0.707275000,0.153733333,0.366133333,0.155333333,0.347150000,0.452000000,0.570533333,0.217180000
1.5174 ,0.378400000,0.288425000,0.596966667,0.194033333,0.572000000,0.582500000,0.367433333,0.387933333,0.472866667,0.587100000,0.209566667,0.592733333,0.636000000,0.708125000,0.155733333,0.368100000,0.157600000,0.348125000,0.453400000,0.570366667,0.219280000
1.5211 ,0.380066667,0.289475000,0.597300000,0.195566667,0.572333333,0.583150000,0.368666667,0.389466667,0.474700000,0.587633333,0.211333333,0.593400000,0.637400000,0.708900000,0.157933333,0.370133333,0.160000000,0.349075000,0.454733333,0.570266667,0.221440000
1.5248 ,0.381533333,0.290500000,0.597600000,0.197200000,0.572633333,0.583625000,0.369866667,0.390733333,0.476333333,0.588200000,0.213133333,0.593966667,0.638850000,0.709650000,0.160066667,0.371900000,0.162233333,0.350050000,0.455966667,0.570133333,0.223620000
1.5285 ,0.382866667,0.291525000,0.597900000,0.198633333,0.572800000,0.584075000,0.371066667,0.391933333,0.477733333,0.588733333,0.214866667,0.594466667,0.640125000,0.710325000,0.162166667,0.373566667,0.164533333,0.351025000,0.457033333,0.570100000,0.225820000
1.5322 ,0.384033333,0.292525000,0.598100000,0.200100000,0.573066667,0.584600000,0.372233333,0.393000000,0.479033333,0.589300000,0.216633333,0.595000000,0.641325000,0.710850000,0.164133333,0.374966667,0.166666667,0.351850000,0.457966667,0.570000000,0.227920000
1.5359 ,0.385200000,0.293500000,0.598533333,0.201500000,0.573333333,0.585150000,0.373500000,0.394100000,0.480166667,0.589800000,0.218300000,0.595400000,0.642450000,0.711575000,0.166200000,0.376400000,0.168933333,0.352925000,0.458933333,0.570166667,0.230060000
1.5396 ,0.386333333,0.294375000,0.598766667,0.202900000,0.573433333,0.585500000,0.374500000,0.394900000,0.481166667,0.590100000,0.219900000,0.595666667,0.643425000,0.712100000,0.168100000,0.377533333,0.170966667,0.353725000,0.459566667,0.570100000,0.232080000
1.5433 ,0.387300000,0.295300000,0.599033333,0.204300000,0.573800000,0.586100000,0.375866667,0.395833333,0.482133333,0.590600000,0.221600000,0.596000000,0.644350000,0.712750000,0.170233333,0.378733333,0.173233333,0.354650000,0.460400000,0.570300000,0.234200000
1.5470 ,0.388233333,0.296200000,0.599200000,0.205700000,0.573866667,0.586400000,0.376900000,0.396466667,0.482933333,0.590966667,0.223233333,0.596233333,0.645125000,0.713375000,0.172200000,0.379966667,0.175366667,0.355650000,0.461133333,0.570533333,0.236380000
1.5507 ,0.389166667,0.297000000,0.599333333,0.206966667,0.574000000,0.586850000,0.377966667,0.397200000,0.483666667,0.591300000,0.224766667,0.596566667,0.645925000,0.713850000,0.174166667,0.380966667,0.177500000,0.356550000,0.461733333,0.570566667,0.238360000
1.5543 ,0.390066667,0.297925000,0.599533333,0.208300000,0.574133333,0.587350000,0.379100000,0.397900000,0.484400000,0.591600000,0.226266667,0.596733333,0.646600000,0.714275000,0.176133333,0.382033333,0.179466667,0.357400000,0.462400000,0.570700000,0.240320000
1.5580 ,0.391000000,0.298675000,0.599600000,0.209633333,0.574433333,0.587925000,0.380300000,0.398700000,0.485200000,0.592100000,0.227833333,0.597100000,0.647325000,0.714625000,0.178033333,0.383133333,0.181533333,0.358375000,0.463033333,0.570900000,0.242240000
1.5617 ,0.391833333,0.299475000,0.599700000,0.210866667,0.574400000,0.588125000,0.381166667,0.399300000,0.485733333,0.592333333,0.229233333,0.597133333,0.647750000,0.714975000,0.179933333,0.384133333,0.183533333,0.359300000,0.463700000,0.571000000,0.244000000
1.5654 ,0.392633333,0.300225000,0.599800000,0.212066667,0.574400000,0.588500000,0.382166667,0.400033333,0.486433333,0.592700000,0.230700000,0.597400000,0.648350000,0.715300000,0.181733333,0.385133333,0.185466667,0.360125000,0.464300000,0.571033333,0.245780000
1.5691 ,0.393533333,0.301100000,0.600066667,0.213233333,0.574566667,0.588850000,0.383233333,0.400800000,0.487033333,0.593066667,0.232100000,0.597633333,0.649150000,0.715800000,0.183400000,0.386133333,0.187333333,0.360975000,0.464933333,0.571100000,0.247480000
1.5727 ,0.394433333,0.301925000,0.600200000,0.214600000,0.574800000,0.589375000,0.384466667,0.401833333,0.487866667,0.593466667,0.233600000,0.597833333,0.650025000,0.716475000,0.185233333,0.387233333,0.189166667,0.361900000,0.465733333,0.571400000,0.249300000
1.5764 ,0.395400000,0.302750000,0.600200000,0.215933333,0.575033333,0.589775000,0.385800000,0.402866667,0.488800000,0.593666667,0.235033333,0.597800000,0.650825000,0.717250000,0.187100000,0.388433333,0.191000000,0.362850000,0.466600000,0.571500000,0.251040000
1.5801 ,0.396533333,0.303675000,0.600300000,0.217300000,0.575333333,0.590275000,0.387033333,0.404000000,0.489800000,0.594000000,0.236500000,0.597900000,0.651625000,0.717875000,0.188900000,0.389666667,0.192866667,0.363850000,0.467566667,0.571966667,0.252860000
1.5837 ,0.397500000,0.304625000,0.600233333,0.218533333,0.575333333,0.590450000,0.388000000,0.405000000,0.490666667,0.594166667,0.237766667,0.597866667,0.652300000,0.718325000,0.190666667,0.390866667,0.194633333,0.364800000,0.468466667,0.572100000,0.254620000
1.5874 ,0.398700000,0.305575000,0.600333333,0.219800000,0.575533333,0.590750000,0.389033333,0.406233333,0.491900000,0.594466667,0.239100000,0.598166667,0.653075000,0.718625000,0.192233333,0.392266667,0.196466667,0.365650000,0.469466667,0.572066667,0.256240000
1.5911 ,0.400000000,0.306575000,0.600366667,0.221133333,0.575600000,0.591050000,0.390100000,0.407600000,0.493333333,0.594666667,0.240400000,0.598166667,0.653575000,0.719075000,0.194066667,0.393966667,0.198366667,0.366700000,0.470733333,0.572166667,0.258020000
1.5948 ,0.401566667,0.307625000,0.600533333,0.222433333,0.575766667,0.591350000,0.391233333,0.409133333,0.495100000,0.595033333,0.241800000,0.598466667,0.654225000,0.719400000,0.195800000,0.396000000,0.200300000,0.367800000,0.472200000,0.572266667,0.259820000
1.5984 ,0.403133333,0.308525000,0.600433333,0.223900000,0.575833333,0.591625000,0.392333333,0.410833333,0.497066667,0.595266667,0.243100000,0.598500000,0.654750000,0.719625000,0.197333333,0.398100000,0.202200000,0.368700000,0.473600000,0.572200000,0.261440000
1.6021 ,0.404800000,0.309675000,0.600266667,0.225300000,0.576100000,0.591950000,0.393700000,0.412833333,0.499233333,0.595633333,0.244600000,0.598600000,0.655225000,0.720075000,0.199200000,0.400566667,0.204233333,0.369800000,0.475266667,0.572433333,0.263300000
1.6057 ,0.406600000,0.310675000,0.600166667,0.226833333,0.576333333,0.592350000,0.395066667,0.414900000,0.501700000,0.595766667,0.246066667,0.598633333,0.655600000,0.720350000,0.200933333,0.403066667,0.206166667,0.370800000,0.477066667,0.572600000,0.265020000
1.6094 ,0.408333333,0.311750000,0.600000000,0.228266667,0.576400000,0.592575000,0.396233333,0.416866667,0.503833333,0.595966667,0.247433333,0.598466667,0.655825000,0.720525000,0.202600000,0.405466667,0.208066667,0.371675000,0.478700000,0.572666667,0.266800000
1.6131 ,0.409900000,0.312700000,0.599766667,0.229433333,0.576400000,0.592575000,0.397166667,0.418700000,0.505866667,0.595900000,0.248566667,0.598333333,0.655900000,0.720675000,0.204233333,0.407866667,0.209933333,0.372575000,0.480266667,0.572700000,0.268400000
1.6167 ,0.411433333,0.313675000,0.599666667,0.230700000,0.576533333,0.592850000,0.398233333,0.420466667,0.507866667,0.596266667,0.249733333,0.598566667,0.656275000,0.720900000,0.205766667,0.410100000,0.211733333,0.373550000,0.481833333,0.572766667,0.270080000
1.6204 ,0.412800000,0.314575000,0.599533333,0.231866667,0.576533333,0.592950000,0.399033333,0.421966667,0.509666667,0.596366667,0.250733333,0.598400000,0.656375000,0.720825000,0.206900000,0.411933333,0.213400000,0.374150000,0.482966667,0.572633333,0.271500000
1.6240 ,0.414300000,0.315550000,0.599466667,0.233066667,0.576633333,0.593275000,0.400033333,0.423733333,0.511500000,0.596633333,0.251833333,0.598533333,0.656575000,0.720900000,0.208100000,0.413866667,0.214966667,0.374975000,0.484300000,0.572633333,0.272960000
1.6277 ,0.415566667,0.316450000,0.599500000,0.234000000,0.576833333,0.593600000,0.401000000,0.425166667,0.513166667,0.596800000,0.253000000,0.598566667,0.656825000,0.721100000,0.209133333,0.415766667,0.216600000,0.375775000,0.485633333,0.572833333,0.274300000
1.6313 ,0.416866667,0.317275000,0.599466667,0.234866667,0.576966667,0.593800000,0.401900000,0.426500000,0.514600000,0.597000000,0.253900000,0.598600000,0.656975000,0.721325000,0.210233333,0.417500000,0.218033333,0.376550000,0.486766667,0.573166667,0.275640000
1.6350 ,0.418033333,0.318150000,0.599600000,0.235666667,0.577133333,0.594125000,0.402666667,0.427700000,0.516033333,0.597366667,0.254800000,0.598833333,0.657200000,0.721375000,0.211266667,0.418866667,0.219400000,0.377125000,0.487833333,0.573200000,0.276740000
1.6386 ,0.419000000,0.318850000,0.599633333,0.236433333,0.577400000,0.594525000,0.403700000,0.428733333,0.517333333,0.597700000,0.255733333,0.598966667,0.657400000,0.721625000,0.212500000,0.420066667,0.220600000,0.377525000,0.488700000,0.573466667,0.277820000
1.6423 ,0.419866667,0.319450000,0.599700000,0.236966667,0.577600000,0.594925000,0.404566667,0.429500000,0.518233333,0.598066667,0.256533333,0.599133333,0.657425000,0.721725000,0.213666667,0.420866667,0.221566667,0.377875000,0.489433333,0.573733333,0.278740000
1.6459 ,0.420566667,0.320100000,0.600000000,0.237533333,0.577966667,0.595400000,0.405233333,0.429900000,0.518800000,0.598466667,0.257366667,0.599300000,0.657550000,0.721875000,0.214800000,0.421500000,0.222533333,0.378100000,0.490100000,0.574033333,0.279620000
1.6496 ,0.420700000,0.320400000,0.600000000,0.237866667,0.578166667,0.595600000,0.405600000,0.429833333,0.518766667,0.598666667,0.257800000,0.599466667,0.657575000,0.721900000,0.215566667,0.421466667,0.223066667,0.378150000,0.490333333,0.574233333,0.280140000
1.6532 ,0.420766667,0.320650000,0.600100000,0.237900000,0.578433333,0.595975000,0.406000000,0.429433333,0.518466667,0.598966667,0.258133333,0.599666667,0.657725000,0.722000000,0.216066667,0.421000000,0.223466667,0.378100000,0.490400000,0.574500000,0.280440000
1.6568 ,0.420533333,0.320750000,0.600400000,0.237700000,0.578433333,0.596250000,0.406133333,0.428666667,0.517633333,0.599266667,0.258200000,0.599800000,0.657825000,0.722250000,0.216366667,0.420100000,0.223533333,0.377950000,0.490266667,0.574800000,0.280660000
1.6605 ,0.420100000,0.320675000,0.600600000,0.237300000,0.578533333,0.596575000,0.406100000,0.427966667,0.516433333,0.599566667,0.258266667,0.600100000,0.658100000,0.722450000,0.216400000,0.418833333,0.223466667,0.377575000,0.489833333,0.574800000,0.280500000
1.6641 ,0.419600000,0.320575000,0.601100000,0.236800000,0.578566667,0.596900000,0.405833333,0.426966667,0.515033333,0.599833333,0.258066667,0.600266667,0.658275000,0.722525000,0.216266667,0.417466667,0.223200000,0.377250000,0.489333333,0.574933333,0.280200000
1.6678 ,0.418766667,0.320375000,0.601233333,0.236333333,0.578733333,0.597225000,0.405600000,0.426133333,0.513433333,0.600066667,0.257766667,0.600366667,0.658275000,0.722650000,0.215933333,0.415933333,0.222900000,0.376900000,0.488666667,0.575266667,0.279820000
1.6714 ,0.417966667,0.320150000,0.601533333,0.235866667,0.578933333,0.597675000,0.405333333,0.425366667,0.511766667,0.600566667,0.257366667,0.600733333,0.658450000,0.722700000,0.215466667,0.414366667,0.222600000,0.376725000,0.487933333,0.575466667,0.279360000
1.6750 ,0.416933333,0.319975000,0.601866667,0.235466667,0.578966667,0.597925000,0.404766667,0.424500000,0.509933333,0.600866667,0.256900000,0.601100000,0.658500000,0.722750000,0.214700000,0.412766667,0.222100000,0.376475000,0.487033333,0.575666667,0.278780000
1.6787 ,0.416000000,0.319850000,0.602333333,0.234833333,0.578933333,0.598250000,0.404033333,0.423600000,0.507766667,0.601133333,0.256233333,0.601333333,0.658425000,0.722775000,0.213633333,0.411100000,0.221366667,0.376250000,0.486000000,0.575866667,0.278140000
1.6823 ,0.414866667,0.319600000,0.602833333,0.234200000,0.579100000,0.598575000,0.403266667,0.422633333,0.505700000,0.601433333,0.255366667,0.601633333,0.658400000,0.722825000,0.212433333,0.409400000,0.220533333,0.375825000,0.484700000,0.576133333,0.277400000
1.6859 ,0.413700000,0.319325000,0.603500000,0.233433333,0.579066667,0.599075000,0.402466667,0.421633333,0.503433333,0.601800000,0.254366667,0.602033333,0.658225000,0.722775000,0.211133333,0.407600000,0.219600000,0.375400000,0.483500000,0.576466667,0.276600000
1.6896 ,0.412633333,0.319075000,0.604200000,0.232700000,0.579300000,0.599625000,0.401633333,0.420566667,0.501266667,0.602366667,0.253400000,0.602533333,0.658100000,0.722625000,0.209700000,0.405833333,0.218433333,0.374875000,0.482133333,0.576800000,0.275520000
1.6932 ,0.411400000,0.318800000,0.604866667,0.231733333,0.579400000,0.600050000,0.400866667,0.419433333,0.499300000,0.602800000,0.252266667,0.602833333,0.657825000,0.722550000,0.208466667,0.404166667,0.217300000,0.374425000,0.480966667,0.577233333,0.274480000
1.6968 ,0.410466667,0.318625000,0.605600000,0.230866667,0.579733333,0.600750000,0.400133333,0.418466667,0.497600000,0.603366667,0.251200000,0.603466667,0.657850000,0.722525000,0.207300000,0.402533333,0.216166667,0.373900000,0.479933333,0.577666667,0.273340000
1.7004 ,0.409600000,0.318450000,0.606500000,0.229966667,0.579933333,0.601175000,0.399266667,0.417400000,0.495900000,0.603900000,0.250133333,0.603966667,0.657750000,0.722400000,0.206366667,0.400933333,0.215000000,0.373250000,0.479166667,0.578200000,0.271980000
1.7040 ,0.408900000,0.318525000,0.607633333,0.229133333,0.580333333,0.601875000,0.398566667,0.416466667,0.494433333,0.604600000,0.249066667,0.604633333,0.657700000,0.722325000,0.205500000,0.399433333,0.213600000,0.372625000,0.478466667,0.578666667,0.270580000
1.7077 ,0.408133333,0.318300000,0.608600000,0.228133333,0.580833333,0.602525000,0.397766667,0.415600000,0.492966667,0.605266667,0.247766667,0.605300000,0.657650000,0.722250000,0.204566667,0.398033333,0.212266667,0.371900000,0.477966667,0.579300000,0.269140000
1.7113 ,0.407366667,0.318250000,0.609866667,0.227133333,0.581200000,0.603200000,0.397000000,0.414333333,0.491200000,0.605900000,0.246400000,0.605800000,0.657425000,0.722450000,0.203700000,0.396433333,0.210800000,0.371300000,0.477433333,0.580000000,0.267780000
1.7149 ,0.406333333,0.318025000,0.610866667,0.226066667,0.581500000,0.603700000,0.395966667,0.412800000,0.488966667,0.606566667,0.244900000,0.606300000,0.657150000,0.722050000,0.202600000,0.394400000,0.209266667,0.370450000,0.476366667,0.580366667,0.266300000
1.7185 ,0.405166667,0.317625000,0.611833333,0.224866667,0.581600000,0.604000000,0.394733333,0.411200000,0.486733333,0.606933333,0.243266667,0.606666667,0.656650000,0.721750000,0.201500000,0.392433333,0.207833333,0.369675000,0.475333333,0.580700000,0.264960000
1.7221 ,0.404533333,0.317450000,0.612733333,0.223833333,0.581866667,0.604350000,0.393733333,0.409933333,0.485100000,0.607433333,0.241766667,0.607133333,0.656350000,0.721650000,0.200433333,0.390900000,0.206633333,0.369125000,0.474766667,0.581133333,0.263760000
1.7257 ,0.404133333,0.317175000,0.613333333,0.223066667,0.582000000,0.604575000,0.392766667,0.408900000,0.484033333,0.607833333,0.240200000,0.607366667,0.656025000,0.721325000,0.199433333,0.390000000,0.205600000,0.368575000,0.474566667,0.581500000,0.262820000
1.7293 ,0.404200000,0.317150000,0.613700000,0.222400000,0.582000000,0.604575000,0.391900000,0.408433333,0.483733333,0.607966667,0.238833333,0.607400000,0.655450000,0.721075000,0.198566667,0.389800000,0.204866667,0.368300000,0.474633333,0.581566667,0.262100000
1.7329 ,0.404366667,0.317325000,0.613100000,0.221866667,0.581566667,0.604250000,0.391366667,0.408500000,0.484166667,0.607700000,0.237900000,0.606900000,0.654500000,0.720500000,0.197833333,0.390033333,0.204233333,0.368425000,0.475100000,0.581500000,0.261780000
1.7366 ,0.404566667,0.317625000,0.611933333,0.221566667,0.580900000,0.603500000,0.391100000,0.408833333,0.484933333,0.607166667,0.237466667,0.606100000,0.653375000,0.719900000,0.197100000,0.390566667,0.203600000,0.368875000,0.475466667,0.581100000,0.261620000
1.7402 ,0.404800000,0.317975000,0.610266667,0.221266667,0.580400000,0.602800000,0.391066667,0.409200000,0.485833333,0.606500000,0.237266667,0.605266667,0.652175000,0.719150000,0.196466667,0.390833333,0.202933333,0.369350000,0.475833333,0.580700000,0.261280000
1.7438 ,0.404933333,0.318350000,0.609133333,0.220800000,0.579800000,0.602075000,0.390833333,0.409300000,0.486733333,0.605933333,0.236766667,0.604466667,0.651100000,0.718400000,0.195533333,0.390866667,0.201866667,0.369525000,0.475766667,0.580200000,0.260540000
1.7474 ,0.404933333,0.318450000,0.608000000,0.220133333,0.579366667,0.601600000,0.390466667,0.409366667,0.487300000,0.605466667,0.236033333,0.603800000,0.650200000,0.717875000,0.194733333,0.390800000,0.200566667,0.369600000,0.475766667,0.579933333,0.259660000
1.7510 ,0.404833333,0.318550000,0.607466667,0.219400000,0.579000000,0.601300000,0.389633333,0.409366667,0.487466667,0.605100000,0.234900000,0.603233333,0.649325000,0.717350000,0.193633333,0.390300000,0.199133333,0.369450000,0.475533333,0.579733333,0.258500000
1.7546 ,0.404933333,0.318850000,0.607500000,0.218666667,0.578666667,0.601200000,0.389066667,0.409033333,0.487600000,0.605000000,0.233833333,0.603000000,0.648725000,0.716975000,0.192500000,0.389900000,0.197666667,0.369225000,0.475333333,0.579666667,0.257480000
1.7582 ,0.404733333,0.318925000,0.607533333,0.217833333,0.578466667,0.601075000,0.388166667,0.408866667,0.487533333,0.604700000,0.232466667,0.602666667,0.648200000,0.716575000,0.191333333,0.389533333,0.196266667,0.369225000,0.475133333,0.579566667,0.256520000
1.7618 ,0.405100000,0.319450000,0.607666667,0.217133333,0.578400000,0.601225000,0.387800000,0.408933333,0.487900000,0.604933333,0.231466667,0.602633333,0.648225000,0.716500000,0.190166667,0.389066667,0.195033333,0.369450000,0.475033333,0.579866667,0.255760000
1.7653 ,0.405266667,0.319850000,0.607533333,0.216500000,0.578433333,0.601200000,0.387566667,0.409066667,0.488566667,0.604800000,0.230500000,0.602133333,0.648175000,0.716725000,0.189133333,0.389100000,0.193966667,0.369850000,0.475300000,0.580233333,0.255240000
1.7689 ,0.405733333,0.320150000,0.607000000,0.216100000,0.578266667,0.601250000,0.387433333,0.409366667,0.489333333,0.604800000,0.229666667,0.601666667,0.648375000,0.716975000,0.188333333,0.389300000,0.193166667,0.370500000,0.475500000,0.580533333,0.254960000
1.7725 ,0.406000000,0.320650000,0.606466667,0.215566667,0.578033333,0.600925000,0.387500000,0.409766667,0.489966667,0.604333333,0.229066667,0.600766667,0.647900000,0.716850000,0.187733333,0.389266667,0.192466667,0.371050000,0.475866667,0.580833333,0.254860000
1.7761 ,0.406200000,0.320825000,0.605433333,0.215200000,0.577500000,0.600525000,0.387466667,0.410200000,0.490466667,0.603533333,0.228366667,0.599600000,0.647275000,0.716700000,0.187266667,0.389533333,0.192066667,0.371800000,0.476166667,0.581133333,0.254780000
1.7797 ,0.406133333,0.320925000,0.604100000,0.214800000,0.576700000,0.599750000,0.387366667,0.410566667,0.490800000,0.602366667,0.227633333,0.597800000,0.645600000,0.716200000,0.186700000,0.389666667,0.191533333,0.372375000,0.476233333,0.581233333,0.254800000
1.7833 ,0.406800000,0.321650000,0.603600000,0.214500000,0.576333333,0.599450000,0.387566667,0.410766667,0.491133333,0.601733333,0.227033333,0.596566667,0.644250000,0.715975000,0.186433333,0.390200000,0.191333333,0.373150000,0.476766667,0.581800000,0.254940000
1.7869 ,0.406800000,0.321725000,0.602600000,0.213966667,0.575566667,0.598775000,0.387033333,0.410866667,0.491000000,0.600733333,0.226133333,0.594966667,0.642375000,0.715400000,0.186233333,0.390466667,0.191400000,0.373925000,0.477066667,0.582400000,0.255220000
1.7904 ,0.407700000,0.322825000,0.603333333,0.213766667,0.575633333,0.599150000,0.387466667,0.411466667,0.491733333,0.601200000,0.226166667,0.594933333,0.642075000,0.714900000,0.186500000,0.391200000,0.191866667,0.375075000,0.478133333,0.583566667,0.256040000
1.7940 ,0.409033333,0.323900000,0.604133333,0.214000000,0.576366667,0.599900000,0.388766667,0.412900000,0.493100000,0.601500000,0.226366667,0.594700000,0.641700000,0.714725000,0.187033333,0.392966667,0.193066667,0.376775000,0.479666667,0.585466667,0.257580000
1.7976 ,0.410200000,0.325300000,0.605466667,0.214733333,0.576833333,0.600775000,0.390133333,0.414400000,0.494666667,0.602533333,0.227266667,0.594766667,0.642050000,0.714300000,0.187966667,0.394533333,0.194766667,0.378700000,0.481433333,0.587300000,0.259360000
1.8012 ,0.413133333,0.327475000,0.607700000,0.216066667,0.578633333,0.602300000,0.393666667,0.417400000,0.497466667,0.603700000,0.229333333,0.595000000,0.642000000,0.715525000,0.189766667,0.397566667,0.197400000,0.381750000,0.484866667,0.591300000,0.262740000
1.8048 ,0.415333333,0.329250000,0.608566667,0.218266667,0.580100000,0.604125000,0.397466667,0.420433333,0.499900000,0.603900000,0.231300000,0.593733333,0.641150000,0.715625000,0.191733333,0.400600000,0.201066667,0.384400000,0.487833333,0.594466667,0.265960000
1.8083 ,0.419433333,0.331850000,0.610400000,0.220400000,0.581633333,0.604825000,0.401966667,0.424366667,0.504000000,0.604033333,0.234333333,0.592833333,0.640500000,0.716750000,0.195333333,0.405033333,0.205933333,0.388225000,0.491300000,0.599566667,0.271240000
1.8119 ,0.419733333,0.331450000,0.610400000,0.222366667,0.582100000,0.605050000,0.405666667,0.427833333,0.505933333,0.602366667,0.235733333,0.589733333,0.637750000,0.717200000,0.199533333,0.408633333,0.212166667,0.390750000,0.495000000,0.602433333,0.275920000
1.8155 ,0.420066667,0.331150000,0.610666667,0.226466667,0.584233333,0.605675000,0.410433333,0.431700000,0.510900000,0.603433333,0.242466667,0.591200000,0.639550000,0.717400000,0.203900000,0.412066667,0.218200000,0.391700000,0.495766667,0.602766667,0.281260000
1.8190 ,0.422500000,0.331625000,0.611466667,0.229533333,0.584766667,0.605800000,0.416666667,0.435700000,0.516100000,0.603066667,0.248500000,0.589933333,0.639250000,0.719050000,0.211233333,0.418866667,0.227333333,0.394725000,0.499266667,0.606000000,0.287720000
1.8226 ,0.423733333,0.328725000,0.611266667,0.237966667,0.587366667,0.604825000,0.420200000,0.441000000,0.520300000,0.601500000,0.255900000,0.589233333,0.639500000,0.719800000,0.218866667,0.422633333,0.233000000,0.394800000,0.500966667,0.605633333,0.292640000
1.8262 ,0.428033333,0.328400000,0.613733333,0.242833333,0.586900000,0.604450000,0.423800000,0.441633333,0.522600000,0.601200000,0.261900000,0.596400000,0.643725000,0.721425000,0.225100000,0.427733333,0.244100000,0.395450000,0.501200000,0.601900000,0.297880000
1.8297 ,0.430566667,0.328700000,0.614166667,0.245533333,0.584866667,0.600450000,0.427066667,0.444933333,0.523833333,0.604133333,0.273833333,0.596700000,0.647350000,0.724975000,0.233733333,0.433466667,0.252933333,0.394975000,0.500000000,0.596166667,0.300900000
1.8333 ,0.422733333,0.322600000,0.610800000,0.252266667,0.589200000,0.597300000,0.434233333,0.445000000,0.531500000,0.601800000,0.284700000,0.596400000,0.651350000,0.720650000,0.239466667,0.431333333,0.262333333,0.386900000,0.494733333,0.584500000,0.301060000
1.8368 ,0.422533333,0.315300000,0.611466667,0.259266667,0.586400000,0.595675000,0.432100000,0.446500000,0.526766667,0.600833333,0.292166667,0.592566667,0.652750000,0.723275000,0.247966667,0.439500000,0.270166667,0.388600000,0.495966667,0.584633333,0.302420000
1.8404 ,0.419433333,0.312900000,0.602600000,0.262366667,0.582800000,0.595125000,0.432233333,0.443000000,0.531166667,0.600000000,0.288166667,0.591400000,0.650025000,0.723600000,0.252100000,0.441200000,0.268900000,0.381325000,0.497900000,0.581900000,0.301240000
1.8440 ,0.423000000,0.312050000,0.604600000,0.268466667,0.586133333,0.597300000,0.436266667,0.445200000,0.534666667,0.597300000,0.297566667,0.597300000,0.654350000,0.722050000,0.254400000,0.445166667,0.271933333,0.389800000,0.500000000,0.583333333,0.303960000
1.8475 ,0.417266667,0.312925000,0.608400000,0.264866667,0.589000000,0.595875000,0.433833333,0.449800000,0.541066667,0.593600000,0.292233333,0.602700000,0.655800000,0.724850000,0.256600000,0.440266667,0.269900000,0.383300000,0.493366667,0.579633333,0.303960000
1.8511 ,0.417300000,0.314775000,0.599500000,0.263400000,0.582733333,0.592650000,0.428900000,0.445266667,0.531500000,0.592066667,0.293700000,0.596733333,0.650325000,0.723175000,0.252300000,0.440900000,0.274966667,0.381825000,0.493166667,0.577233333,0.302740000
1.8546 ,0.419133333,0.312500000,0.605366667,0.269066667,0.585733333,0.592850000,0.438100000,0.450000000,0.535700000,0.592900000,0.295233333,0.597633333,0.651775000,0.722525000,0.252300000,0.439800000,0.280100000,0.383700000,0.495366667,0.578700000,0.302780000
1.8582 ,0.422866667,0.305950000,0.604500000,0.262800000,0.581466667,0.594850000,0.435566667,0.450166667,0.535233333,0.600933333,0.292000000,0.598500000,0.658725000,0.720500000,0.257066667,0.441033333,0.275900000,0.376750000,0.492933333,0.577833333,0.304240000
1.8617 ,0.410433333,0.307825000,0.602000000,0.269600000,0.583300000,0.597400000,0.436266667,0.450966667,0.541666667,0.593133333,0.296600000,0.600500000,0.658100000,0.717850000,0.252366667,0.442866667,0.278566667,0.383900000,0.497633333,0.578566667,0.308580000
1.8653 ,0.420533333,0.311525000,0.612833333,0.264200000,0.582733333,0.590750000,0.434533333,0.441966667,0.535766667,0.590133333,0.293833333,0.595066667,0.648150000,0.719800000,0.257200000,0.437500000,0.269233333,0.380400000,0.490400000,0.576900000,0.308660000
1.8688 ,0.423766667,0.310050000,0.604700000,0.262600000,0.585866667,0.594700000,0.434333333,0.452000000,0.535366667,0.595966667,0.295466667,0.598500000,0.655300000,0.728150000,0.254966667,0.450466667,0.277233333,0.386125000,0.497533333,0.584166667,0.307400000
1.8724 ,0.421900000,0.308625000,0.601600000,0.264600000,0.590333333,0.595425000,0.437666667,0.447833333,0.536933333,0.597966667,0.297700000,0.598000000,0.652700000,0.729200000,0.260000000,0.447500000,0.277500000,0.382500000,0.502500000,0.587500000,0.307500000
1.8759 ,0.417966667,0.307700000,0.602566667,0.263166667,0.586466667,0.588375000,0.436066667,0.443600000,0.531300000,0.591500000,0.293233333,0.594000000,0.650350000,0.716900000,0.252466667,0.443600000,0.277000000,0.378700000,0.490166667,0.575966667,0.298520000
1.8794 ,0.414100000,0.303025000,0.593433333,0.263166667,0.586466667,0.597750000,0.436066667,0.453600000,0.536366667,0.599000000,0.293233333,0.591466667,0.654150000,0.712625000,0.245200000,0.435100000,0.269233333,0.382225000,0.492800000,0.576900000,0.297120000
1.8830 ,0.414800000,0.309275000,0.597533333,0.254200000,0.577900000,0.584500000,0.426833333,0.443633333,0.530000000,0.582700000,0.287800000,0.580300000,0.634900000,0.712700000,0.249966667,0.436333333,0.266533333,0.382075000,0.488200000,0.580200000,0.297180000
1.8865 ,0.420966667,0.310250000,0.603366667,0.262433333,0.581600000,0.592200000,0.423166667,0.442066667,0.524800000,0.583966667,0.283700000,0.581566667,0.636525000,0.714350000,0.252300000,0.439266667,0.268700000,0.383775000,0.495366667,0.588800000,0.301400000
1.8900 ,0.416100000,0.313900000,0.600933333,0.255333333,0.581600000,0.588650000,0.427900000,0.442066667,0.529533333,0.581600000,0.288433333,0.586300000,0.634750000,0.711100000,0.247700000,0.435200000,0.259233333,0.378475000,0.483800000,0.581000000,0.297220000
1.8936 ,0.413666667,0.301125000,0.596066667,0.259533333,0.576200000,0.585725000,0.430966667,0.440500000,0.530966667,0.580966667,0.285700000,0.592866667,0.637500000,0.714350000,0.247633333,0.429933333,0.264000000,0.380250000,0.490666667,0.577133333,0.297200000
1.8971 ,0.408500000,0.306425000,0.594000000,0.257366667,0.578433333,0.580875000,0.421600000,0.443600000,0.526966667,0.593100000,0.286766667,0.588233333,0.636050000,0.708900000,0.245266667,0.430933333,0.269033333,0.378575000,0.488100000,0.573800000,0.298580000
1.9006 ,0.417300000,0.307100000,0.598433333,0.265133333,0.568200000,0.579550000,0.421700000,0.439400000,0.527766667,0.580800000,0.290400000,0.583333333,0.640150000,0.711500000,0.254966667,0.433166667,0.274800000,0.378725000,0.490100000,0.569333333,0.302960000
1.9042 ,0.417333333,0.306925000,0.596200000,0.265633333,0.570300000,0.580050000,0.427066667,0.447900000,0.526033333,0.578100000,0.294300000,0.585933333,0.644500000,0.723900000,0.262900000,0.443300000,0.283533333,0.378900000,0.489700000,0.577333333,0.309280000
1.9077 ,0.414666667,0.304875000,0.596200000,0.269866667,0.582000000,0.589275000,0.439133333,0.447066667,0.537033333,0.582000000,0.298966667,0.597866667,0.646850000,0.728975000,0.265466667,0.451000000,0.278366667,0.382725000,0.489700000,0.577333333,0.313920000
1.9112 ,0.416666667,0.302425000,0.591400000,0.267700000,0.574833333,0.582700000,0.433066667,0.446166667,0.532833333,0.585333333,0.299200000,0.587933333,0.639775000,0.726550000,0.263000000,0.450533333,0.286500000,0.386725000,0.500000000,0.580700000,0.314060000
1.8966 ,0.234566667,0.203700000,0.530900000,0.064533333,0.419366667,0.516125000,0.215066667,0.225800000,0.279566667,0.494633333,0.075266667,0.569866667,0.516100000,0.618625000,0.077766667,0.211100000,0.055566667,0.266650000,0.266666667,0.444466667,0.086660000
1.8992 ,0.192300000,0.173100000,0.525666667,0.080466667,0.425300000,0.517250000,0.218400000,0.218400000,0.287366667,0.528700000,0.068966667,0.528700000,0.517225000,0.642850000,0.059500000,0.202366667,0.035700000,0.241075000,0.261900000,0.452400000,0.085680000
1.9018 ,0.208333333,0.218750000,0.611100000,0.077800000,0.444466667,0.483350000,0.233300000,0.177800000,0.344433333,0.500000000,0.077766667,0.466666667,0.491675000,0.646850000,0.049366667,0.172833333,0.012366667,0.212950000,0.308633333,0.518533333,0.118520000
1.9044 ,0.285733333,0.261925000,0.746033333,0.022233333,0.422200000,0.458325000,0.233333333,0.133333333,0.388866667,0.422200000,0.077766667,0.477766667,0.483325000,0.695050000,0.012800000,0.141000000,0.000000000,0.259625000,0.333333333,0.551266667,0.146140000
1.9070 ,0.287900000,0.227275000,0.681833333,0.023800000,0.476200000,0.517875000,0.261900000,0.166700000,0.357133333,0.511900000,0.119033333,0.559500000,0.517850000,0.687925000,0.046000000,0.137933333,0.023000000,0.224150000,0.310333333,0.459800000,0.124120000
1.9096 ,0.234566667,0.194450000,0.543233333,0.068966667,0.482766667,0.508625000,0.252866667,0.229900000,0.310300000,0.563233333,0.068966667,0.528733333,0.543100000,0.662125000,0.050500000,0.212100000,0.020200000,0.219675000,0.313100000,0.434300000,0.078780000
1.9121 ,0.215033333,0.209675000,0.537633333,0.096766667,0.473133333,0.532250000,0.247300000,0.268833333,0.365600000,0.526866667,0.096766667,0.548366667,0.580650000,0.611125000,0.041666667,0.229200000,0.031266667,0.257825000,0.354166667,0.510433333,0.081280000
1.9147 ,0.232300000,0.174225000,0.545500000,0.074100000,0.444433333,0.520825000,0.259266667,0.268500000,0.342566667,0.500000000,0.129633333,0.537033333,0.541650000,0.615800000,0.050500000,0.202000000,0.030300000,0.257550000,0.363600000,0.565700000,0.115140000
1.9173 ,0.270266667,0.209450000,0.549533333,0.075000000,0.475000000,0.525000000,0.291666667,0.225000000,0.308333333,0.541666667,0.108333333,0.550000000,0.525000000,0.644725000,0.035066667,0.228066667,0.035066667,0.256600000,0.342100000,0.526300000,0.115800000
1.9199 ,0.269833333,0.232150000,0.563466667,0.075766667,0.515133333,0.545475000,0.303033333,0.250000000,0.325766667,0.545466667,0.090900000,0.575766667,0.539775000,0.605075000,0.041666667,0.215266667,0.048600000,0.244800000,0.291666667,0.479200000,0.108320000
1.9225 ,0.248366667,0.220600000,0.535933333,0.080233333,0.512333333,0.500000000,0.271600000,0.253100000,0.314800000,0.518533333,0.092600000,0.518500000,0.486125000,0.596475000,0.029233333,0.193000000,0.029233333,0.250025000,0.309933333,0.497066667,0.122820000
1.9251 ,0.256833333,0.200800000,0.508200000,0.107566667,0.526900000,0.508050000,0.279566667,0.236533333,0.333333333,0.526900000,0.112900000,0.499966667,0.491950000,0.619600000,0.056433333,0.200000000,0.041066667,0.238475000,0.312800000,0.497433333,0.119980000
1.9276 ,0.260900000,0.210150000,0.512066667,0.098033333,0.524500000,0.518375000,0.289200000,0.240200000,0.338200000,0.519600000,0.117633333,0.534300000,0.522050000,0.638250000,0.075100000,0.206600000,0.028200000,0.253525000,0.338000000,0.511733333,0.104240000
1.9302 ,0.245600000,0.210525000,0.500000000,0.092100000,0.495600000,0.506575000,0.267533333,0.236833333,0.333333333,0.495600000,0.118433333,0.530733333,0.503275000,0.615400000,0.068366667,0.213666667,0.029900000,0.249975000,0.337600000,0.525666667,0.117940000
1.9328 ,0.259666667,0.212200000,0.507733333,0.103433333,0.490433333,0.500000000,0.272033333,0.252900000,0.321833333,0.501900000,0.114900000,0.521066667,0.494250000,0.606325000,0.053666667,0.229900000,0.049833333,0.258625000,0.325633333,0.528733333,0.126420000
1.9354 ,0.266666667,0.225000000,0.523333333,0.110033333,0.478933333,0.497575000,0.258900000,0.252400000,0.313933333,0.501633333,0.116500000,0.530766667,0.480575000,0.611650000,0.062700000,0.224400000,0.052800000,0.272250000,0.320100000,0.528100000,0.128700000
1.9379 ,0.247200000,0.227075000,0.519466667,0.089433333,0.495933333,0.506075000,0.262866667,0.246600000,0.319766667,0.506766667,0.105700000,0.517600000,0.473575000,0.613525000,0.070000000,0.229700000,0.053200000,0.275200000,0.333300000,0.529400000,0.131120000
1.9405 ,0.247266667,0.230100000,0.521000000,0.091500000,0.505433333,0.506525000,0.276700000,0.248366667,0.328966667,0.514166667,0.113266667,0.518500000,0.475525000,0.605975000,0.070633333,0.231766667,0.046366667,0.273175000,0.342133333,0.521000000,0.132440000
1.9431 ,0.260200000,0.225775000,0.510200000,0.108333333,0.491666667,0.495000000,0.270000000,0.250000000,0.326666667,0.511666667,0.115000000,0.513333333,0.466250000,0.594225000,0.070366667,0.231133333,0.050266667,0.268825000,0.331666667,0.514266667,0.128680000
1.9457 ,0.262300000,0.223350000,0.509566667,0.112000000,0.494666667,0.500000000,0.261333333,0.246666667,0.329333333,0.517333333,0.113333333,0.517333333,0.467000000,0.592825000,0.067200000,0.232500000,0.057800000,0.272175000,0.333300000,0.521500000,0.125020000
1.9482 ,0.255433333,0.222500000,0.510866667,0.111833333,0.495500000,0.501675000,0.259500000,0.243833333,0.331066667,0.520133333,0.114100000,0.519033333,0.469775000,0.591250000,0.072066667,0.229733333,0.059700000,0.275325000,0.336700000,0.522500000,0.128400000
1.9508 ,0.257466667,0.225325000,0.513000000,0.110466667,0.493233333,0.492750000,0.254833333,0.248066667,0.328500000,0.516466667,0.115333333,0.513566667,0.469475000,0.601525000,0.074966667,0.234733333,0.058200000,0.279575000,0.342200000,0.523666667,0.129580000
1.9534 ,0.258433333,0.224650000,0.506833333,0.110233333,0.493333333,0.491325000,0.256000000,0.250700000,0.326233333,0.518233333,0.119100000,0.519133333,0.472675000,0.598800000,0.080833333,0.240700000,0.062666667,0.280650000,0.346000000,0.525900000,0.131880000
1.9559 ,0.260833333,0.228775000,0.511933333,0.113400000,0.493133333,0.498100000,0.259433333,0.250000000,0.327333333,0.523233333,0.122000000,0.524933333,0.476825000,0.600825000,0.081166667,0.237366667,0.060200000,0.278150000,0.346433333,0.527066667,0.131940000
1.9585 ,0.266333333,0.231775000,0.515100000,0.112733333,0.495566667,0.497550000,0.259533333,0.247366667,0.330900000,0.521466667,0.124900000,0.522266667,0.478700000,0.606800000,0.076000000,0.239366667,0.058800000,0.278200000,0.348033333,0.522066667,0.130900000
1.9611 ,0.269700000,0.229375000,0.514800000,0.114866667,0.500000000,0.499475000,0.258400000,0.251400000,0.333300000,0.524500000,0.125333333,0.521700000,0.481625000,0.606550000,0.080500000,0.244333333,0.060033333,0.281275000,0.355233333,0.523300000,0.130500000
1.9636 ,0.268133333,0.230025000,0.514166667,0.118866667,0.500266667,0.504975000,0.260900000,0.254833333,0.335000000,0.527900000,0.124933333,0.529033333,0.484650000,0.598775000,0.084700000,0.245300000,0.063666667,0.280325000,0.355500000,0.520466667,0.131900000
1.9662 ,0.270933333,0.231175000,0.515433333,0.120233333,0.498733333,0.504750000,0.262033333,0.254866667,0.335866667,0.528266667,0.126600000,0.530366667,0.483850000,0.599725000,0.083733333,0.246600000,0.066100000,0.279975000,0.353966667,0.519366667,0.131300000
1.9688 ,0.273466667,0.233500000,0.517066667,0.120666667,0.500500000,0.504750000,0.260466667,0.255766667,0.337000000,0.529600000,0.129733333,0.532600000,0.486200000,0.602525000,0.084000000,0.248333333,0.066666667,0.281500000,0.355000000,0.519666667,0.133200000
1.9713 ,0.274066667,0.234000000,0.519033333,0.121900000,0.501666667,0.506300000,0.260366667,0.255033333,0.337833333,0.531600000,0.129466667,0.534400000,0.487625000,0.604175000,0.085500000,0.249800000,0.067066667,0.283350000,0.358500000,0.522233333,0.134120000
1.9739 ,0.276100000,0.234700000,0.519533333,0.123733333,0.501833333,0.507525000,0.261700000,0.255566667,0.338733333,0.532366667,0.130133333,0.536333333,0.489000000,0.604750000,0.085500000,0.251700000,0.069200000,0.283975000,0.359133333,0.521933333,0.134240000
1.9764 ,0.278166667,0.236075000,0.519466667,0.124766667,0.503100000,0.508525000,0.263366667,0.257666667,0.340566667,0.533566667,0.130266667,0.537466667,0.490425000,0.605125000,0.087433333,0.253333333,0.069533333,0.284025000,0.361033333,0.521033333,0.134600000
1.9790 ,0.279866667,0.237200000,0.520433333,0.124933333,0.505200000,0.510950000,0.264066667,0.259700000,0.342100000,0.536100000,0.131366667,0.538900000,0.492650000,0.605900000,0.087633333,0.255633333,0.069166667,0.285100000,0.363666667,0.521133333,0.135280000
1.9815 ,0.281333333,0.238550000,0.523033333,0.125700000,0.506766667,0.513200000,0.265100000,0.262000000,0.344066667,0.538933333,0.132200000,0.541133333,0.495450000,0.607325000,0.088433333,0.257766667,0.070633333,0.286875000,0.365266667,0.522266667,0.136160000
1.9841 ,0.284133333,0.239850000,0.524766667,0.126666667,0.507866667,0.515125000,0.266466667,0.263333333,0.346166667,0.540866667,0.133533333,0.543000000,0.497900000,0.608400000,0.089433333,0.259166667,0.071733333,0.287900000,0.367166667,0.523366667,0.137580000
1.9867 ,0.287166667,0.242100000,0.527200000,0.127900000,0.509200000,0.517850000,0.268100000,0.263833333,0.347133333,0.542633333,0.134066667,0.544333333,0.498975000,0.608750000,0.090633333,0.261300000,0.072533333,0.288025000,0.368900000,0.524000000,0.138380000
1.9892 ,0.288633333,0.243400000,0.528466667,0.128966667,0.510333333,0.519000000,0.268600000,0.265300000,0.348333333,0.543166667,0.134800000,0.545033333,0.500250000,0.610025000,0.091066667,0.263700000,0.074100000,0.289100000,0.370800000,0.524933333,0.139220000
1.9918 ,0.289733333,0.244050000,0.530300000,0.129933333,0.512000000,0.520350000,0.269700000,0.267033333,0.351100000,0.544466667,0.136100000,0.547300000,0.501350000,0.611150000,0.091833333,0.265400000,0.075066667,0.291025000,0.372466667,0.525933333,0.139740000
1.9943 ,0.290700000,0.245075000,0.531666667,0.130633333,0.512733333,0.522750000,0.270733333,0.268466667,0.352100000,0.546366667,0.136766667,0.549000000,0.503675000,0.611400000,0.092300000,0.266533333,0.075500000,0.292050000,0.373600000,0.527133333,0.140740000
1.9968 ,0.291500000,0.246500000,0.532533333,0.131033333,0.513200000,0.525125000,0.271266667,0.269133333,0.352866667,0.548666667,0.137133333,0.550600000,0.505600000,0.611375000,0.092800000,0.266400000,0.075900000,0.292775000,0.374766667,0.527933333,0.141640000
1.9994 ,0.293266667,0.247750000,0.534666667,0.131500000,0.514700000,0.527625000,0.271666667,0.269966667,0.353333333,0.550800000,0.137033333,0.552000000,0.507225000,0.611900000,0.092166667,0.266800000,0.076966667,0.294000000,0.375866667,0.529100000,0.141980000
2.0019 ,0.294766667,0.248775000,0.538066667,0.132833333,0.518533333,0.532750000,0.275933333,0.273766667,0.357033333,0.555333333,0.137533333,0.556900000,0.512400000,0.613650000,0.092433333,0.269366667,0.077433333,0.293825000,0.376466667,0.529233333,0.142720000
2.0045 ,0.297700000,0.250025000,0.542100000,0.134000000,0.521433333,0.537375000,0.280033333,0.276566667,0.359200000,0.557366667,0.139066667,0.559300000,0.519400000,0.617375000,0.094133333,0.271100000,0.079366667,0.296125000,0.378900000,0.532666667,0.145340000
2.0070 ,0.300400000,0.252300000,0.541866667,0.135866667,0.523700000,0.539625000,0.282166667,0.277133333,0.359766667,0.557233333,0.142133333,0.559333333,0.523275000,0.625025000,0.096333333,0.273366667,0.080233333,0.297150000,0.382100000,0.536400000,0.146140000
2.0096 ,0.300566667,0.251625000,0.541500000,0.136133333,0.523900000,0.541450000,0.281333333,0.280133333,0.361400000,0.560233333,0.142300000,0.559800000,0.525400000,0.629750000,0.096466667,0.273900000,0.081833333,0.297600000,0.382166667,0.536433333,0.146780000
2.0121 ,0.300266667,0.252475000,0.544666667,0.134700000,0.522000000,0.540200000,0.280966667,0.281400000,0.362500000,0.561166667,0.140300000,0.558366667,0.527000000,0.631925000,0.094700000,0.272166667,0.082433333,0.297950000,0.380666667,0.538466667,0.147940000
2.0146 ,0.300733333,0.253925000,0.546833333,0.134800000,0.524500000,0.544300000,0.282066667,0.282433333,0.360533333,0.560600000,0.142566667,0.559833333,0.530300000,0.636100000,0.096000000,0.273033333,0.083333333,0.299250000,0.381733333,0.541100000,0.147700000
2.0172 ,0.302166667,0.255300000,0.548766667,0.137700000,0.527533333,0.548800000,0.285166667,0.285133333,0.361000000,0.561666667,0.145300000,0.562400000,0.535075000,0.639225000,0.098100000,0.276100000,0.083866667,0.301975000,0.383100000,0.544400000,0.148620000
2.0197 ,0.303000000,0.255425000,0.549766667,0.139000000,0.528300000,0.550725000,0.286300000,0.285666667,0.361900000,0.563966667,0.146366667,0.564266667,0.538275000,0.636725000,0.099166667,0.275100000,0.084600000,0.303475000,0.382800000,0.543500000,0.150500000
2.0222 ,0.302600000,0.255650000,0.550600000,0.138233333,0.528733333,0.552025000,0.286000000,0.285233333,0.359900000,0.564166667,0.145033333,0.566200000,0.540625000,0.638075000,0.100366667,0.273400000,0.085133333,0.302600000,0.382266667,0.543566667,0.151440000
2.0248 ,0.302600000,0.256525000,0.551866667,0.138233333,0.529266667,0.552750000,0.285766667,0.284300000,0.357233333,0.564366667,0.145200000,0.566033333,0.542000000,0.640500000,0.100800000,0.271766667,0.085566667,0.302275000,0.381133333,0.543700000,0.151920000
2.0273 ,0.301400000,0.256075000,0.552500000,0.139733333,0.530433333,0.554875000,0.286666667,0.284800000,0.356333333,0.567566667,0.146166667,0.567766667,0.544125000,0.643350000,0.100133333,0.270500000,0.086700000,0.303100000,0.380200000,0.543900000,0.152960000
2.0298 ,0.300300000,0.255750000,0.553800000,0.140166667,0.530933333,0.555750000,0.286833333,0.284833333,0.354666667,0.568333333,0.146633333,0.568666667,0.546300000,0.644250000,0.100200000,0.268733333,0.088000000,0.303675000,0.378700000,0.544000000,0.153640000
2.0324 ,0.300433333,0.256150000,0.555200000,0.138900000,0.530500000,0.556225000,0.286933333,0.283566667,0.352533333,0.568833333,0.146833333,0.569133333,0.548075000,0.645625000,0.101200000,0.267100000,0.088433333,0.303725000,0.376733333,0.544433333,0.153880000
2.0349 ,0.299433333,0.256050000,0.556466667,0.138533333,0.531166667,0.558425000,0.286900000,0.282433333,0.350833333,0.570066667,0.147233333,0.570633333,0.549900000,0.646950000,0.102033333,0.266033333,0.088666667,0.304025000,0.375200000,0.545233333,0.153800000
2.0374 ,0.298366667,0.256475000,0.558300000,0.138600000,0.531600000,0.560325000,0.287333333,0.282366667,0.349033333,0.571933333,0.147566667,0.572633333,0.552250000,0.647650000,0.102266667,0.263766667,0.088600000,0.303725000,0.373266667,0.546433333,0.154420000
2.0400 ,0.297166667,0.256575000,0.560033333,0.138266667,0.531266667,0.561075000,0.287100000,0.281033333,0.345933333,0.572966667,0.147033333,0.573233333,0.553650000,0.648850000,0.102600000,0.262433333,0.089233333,0.304525000,0.371433333,0.547700000,0.155200000
2.0425 ,0.296033333,0.255525000,0.561066667,0.137833333,0.532400000,0.562475000,0.286900000,0.279800000,0.343733333,0.573700000,0.147200000,0.573966667,0.554900000,0.649600000,0.103166667,0.261100000,0.090300000,0.304275000,0.369333333,0.548066667,0.155820000
2.0450 ,0.295200000,0.256225000,0.562233333,0.137300000,0.533100000,0.564175000,0.286966667,0.278700000,0.342066667,0.574533333,0.147766667,0.576266667,0.556450000,0.650800000,0.102666667,0.259100000,0.090500000,0.303750000,0.367566667,0.548300000,0.156400000
2.0475 ,0.294000000,0.256175000,0.564033333,0.136700000,0.533000000,0.565775000,0.287500000,0.277733333,0.339866667,0.575766667,0.146500000,0.577766667,0.558800000,0.653025000,0.102933333,0.256833333,0.090466667,0.303550000,0.365866667,0.549366667,0.157060000
2.0501 ,0.291533333,0.254750000,0.564433333,0.136833333,0.533633333,0.567550000,0.287866667,0.277300000,0.337433333,0.578266667,0.146600000,0.579266667,0.561350000,0.654575000,0.103100000,0.254533333,0.090500000,0.303725000,0.364766667,0.550133333,0.157580000
2.0526 ,0.290300000,0.254025000,0.565400000,0.136066667,0.534500000,0.569700000,0.286933333,0.276266667,0.335266667,0.580000000,0.148033333,0.579966667,0.563000000,0.654575000,0.102533333,0.252666667,0.091000000,0.303550000,0.362133333,0.550400000,0.157360000
2.0551 ,0.289333333,0.253875000,0.566533333,0.135800000,0.534033333,0.569625000,0.286800000,0.274766667,0.332566667,0.579600000,0.148433333,0.580533333,0.562925000,0.655150000,0.103166667,0.251333333,0.090933333,0.303475000,0.359066667,0.551500000,0.157680000
2.0576 ,0.287833333,0.253900000,0.568366667,0.136400000,0.535066667,0.569825000,0.287266667,0.273266667,0.331066667,0.579300000,0.148566667,0.580466667,0.562550000,0.657825000,0.103966667,0.250100000,0.091700000,0.303475000,0.357333333,0.552266667,0.158080000
2.0601 ,0.287333333,0.253450000,0.569100000,0.135833333,0.535300000,0.571225000,0.287500000,0.272533333,0.328733333,0.580566667,0.148033333,0.581133333,0.563725000,0.658475000,0.103733333,0.247566667,0.092466667,0.302375000,0.355833333,0.550966667,0.158100000
2.0626 ,0.286233333,0.253000000,0.569600000,0.134333333,0.534766667,0.572350000,0.287700000,0.271966667,0.325933333,0.580933333,0.146900000,0.582033333,0.565400000,0.657950000,0.103733333,0.245533333,0.092333333,0.302025000,0.353600000,0.550600000,0.158720000
2.0652 ,0.283766667,0.252875000,0.569833333,0.133833333,0.534133333,0.572300000,0.287633333,0.269866667,0.323700000,0.579666667,0.146600000,0.581166667,0.565225000,0.657950000,0.104800000,0.243966667,0.091900000,0.302450000,0.351500000,0.552266667,0.158920000
2.0677 ,0.282500000,0.252575000,0.569900000,0.133633333,0.533933333,0.571675000,0.286466667,0.268066667,0.321300000,0.578766667,0.146966667,0.579133333,0.563875000,0.659675000,0.104833333,0.243600000,0.093166667,0.302625000,0.350033333,0.553400000,0.158860000
2.0702 ,0.281933333,0.251900000,0.569566667,0.134566667,0.536200000,0.574100000,0.286900000,0.268800000,0.320933333,0.581533333,0.147500000,0.582100000,0.566250000,0.660475000,0.104400000,0.241833333,0.093766667,0.302200000,0.350033333,0.553433333,0.160020000
2.0727 ,0.281533333,0.253000000,0.570100000,0.134566667,0.536900000,0.575175000,0.286266667,0.268566667,0.320766667,0.582066667,0.148133333,0.582933333,0.568575000,0.660900000,0.104966667,0.239966667,0.093200000,0.302300000,0.349166667,0.553866667,0.160260000
2.0752 ,0.280933333,0.252475000,0.570966667,0.134266667,0.535766667,0.574625000,0.285600000,0.267400000,0.318866667,0.581300000,0.147266667,0.582266667,0.568250000,0.661300000,0.105466667,0.239200000,0.093000000,0.303050000,0.347566667,0.554700000,0.160780000
2.0777 ,0.280766667,0.251925000,0.570933333,0.134866667,0.535666667,0.574725000,0.285633333,0.266600000,0.317200000,0.582100000,0.147133333,0.583166667,0.568950000,0.662650000,0.105933333,0.238300000,0.094300000,0.302900000,0.346500000,0.555600000,0.161120000
2.0802 ,0.280000000,0.251750000,0.570633333,0.134766667,0.536500000,0.576025000,0.285766667,0.266400000,0.316466667,0.583333333,0.147900000,0.585133333,0.569550000,0.662075000,0.106033333,0.237666667,0.094933333,0.303100000,0.345600000,0.554900000,0.161400000
2.0827 ,0.279400000,0.252600000,0.572533333,0.134700000,0.537200000,0.577075000,0.286600000,0.266633333,0.316100000,0.584500000,0.148433333,0.586266667,0.570125000,0.662475000,0.106333333,0.237166667,0.094866667,0.303800000,0.345100000,0.554600000,0.162300000
2.0852 ,0.279633333,0.252950000,0.573666667,0.134466667,0.536966667,0.576875000,0.286900000,0.266333333,0.315366667,0.584466667,0.148933333,0.585466667,0.570750000,0.662650000,0.106066667,0.237366667,0.095266667,0.303775000,0.344833333,0.555233333,0.162440000
2.0877 ,0.278566667,0.252550000,0.573466667,0.134733333,0.537400000,0.577450000,0.287600000,0.266000000,0.314333333,0.584700000,0.149000000,0.585400000,0.571400000,0.662475000,0.106600000,0.236900000,0.095433333,0.303825000,0.344033333,0.555433333,0.162600000
2.0902 ,0.278100000,0.252975000,0.574233333,0.135033333,0.537766667,0.578225000,0.287900000,0.265933333,0.314366667,0.585200000,0.149300000,0.586166667,0.571250000,0.662775000,0.107733333,0.236533333,0.095966667,0.304475000,0.343533333,0.555900000,0.163600000
2.0928 ,0.278700000,0.254000000,0.575100000,0.135233333,0.537400000,0.578200000,0.287800000,0.265933333,0.313700000,0.585466667,0.149866667,0.586733333,0.571775000,0.663425000,0.107966667,0.235800000,0.097100000,0.304625000,0.343933333,0.556433333,0.164180000
2.0952 ,0.279266667,0.254200000,0.575466667,0.135266667,0.538100000,0.578675000,0.287900000,0.265566667,0.313400000,0.586233333,0.150500000,0.587200000,0.572825000,0.663700000,0.108333333,0.235333333,0.097566667,0.305075000,0.344233333,0.556500000,0.164560000
2.0978 ,0.278866667,0.254000000,0.575333333,0.135300000,0.538733333,0.579500000,0.288400000,0.265900000,0.313133333,0.586566667,0.150500000,0.587000000,0.573100000,0.663625000,0.108866667,0.235233333,0.097666667,0.305350000,0.344066667,0.556833333,0.165080000
2.1002 ,0.278733333,0.254225000,0.575100000,0.134966667,0.538966667,0.579975000,0.289166667,0.265566667,0.312833333,0.586500000,0.150500000,0.587100000,0.572700000,0.664175000,0.108733333,0.235933333,0.097966667,0.305650000,0.344366667,0.557933333,0.165620000
2.1027 ,0.278900000,0.254625000,0.575966667,0.135500000,0.539433333,0.580900000,0.289500000,0.265166667,0.313133333,0.587833333,0.151566667,0.588933333,0.573025000,0.664425000,0.108933333,0.235733333,0.098466667,0.305425000,0.343366667,0.557900000,0.165760000
2.1052 ,0.279333333,0.254875000,0.577133333,0.135833333,0.538933333,0.580325000,0.289166667,0.265566667,0.312866667,0.587533333,0.151900000,0.588833333,0.572250000,0.663725000,0.109233333,0.235400000,0.098733333,0.305475000,0.343233333,0.558433333,0.166080000
2.1077 ,0.279200000,0.254000000,0.577066667,0.136266667,0.539466667,0.580950000,0.289866667,0.265900000,0.312233333,0.587933333,0.151566667,0.589100000,0.571975000,0.664275000,0.109966667,0.236600000,0.099533333,0.305925000,0.344400000,0.559200000,0.166840000
2.1102 ,0.278866667,0.254775000,0.576433333,0.136233333,0.539333333,0.581250000,0.290500000,0.265866667,0.312566667,0.588000000,0.151700000,0.589166667,0.572525000,0.663700000,0.110200000,0.236900000,0.099933333,0.306525000,0.345300000,0.559366667,0.167280000
2.1127 ,0.279700000,0.256400000,0.576733333,0.136033333,0.539866667,0.581175000,0.290833333,0.265733333,0.313166667,0.588400000,0.151866667,0.589133333,0.573375000,0.664125000,0.111233333,0.236400000,0.100033333,0.306900000,0.344766667,0.559000000,0.167780000
2.1152 ,0.280633333,0.256425000,0.577700000,0.136633333,0.540933333,0.582200000,0.291300000,0.265733333,0.313400000,0.589333333,0.153100000,0.590066667,0.574025000,0.665075000,0.111633333,0.236800000,0.100233333,0.306600000,0.345300000,0.559466667,0.167980000
2.1177 ,0.280500000,0.255900000,0.578100000,0.138000000,0.541566667,0.583075000,0.292033333,0.266466667,0.314166667,0.590300000,0.153966667,0.590600000,0.574175000,0.665050000,0.111900000,0.237600000,0.100900000,0.306850000,0.346666667,0.560166667,0.169140000
2.1202 ,0.281400000,0.256575000,0.578666667,0.138633333,0.541333333,0.582725000,0.291400000,0.266566667,0.314633333,0.590100000,0.153966667,0.590266667,0.573100000,0.664600000,0.113333333,0.238066667,0.101700000,0.307050000,0.346966667,0.560400000,0.169840000
2.1227 ,0.281900000,0.257350000,0.579000000,0.139466667,0.541933333,0.583425000,0.291700000,0.267100000,0.314700000,0.590100000,0.154166667,0.590833333,0.573150000,0.664925000,0.113433333,0.238466667,0.102433333,0.307850000,0.346766667,0.561366667,0.170240000
2.1251 ,0.282233333,0.256900000,0.579666667,0.139500000,0.543466667,0.584550000,0.292733333,0.268233333,0.315566667,0.591100000,0.154633333,0.592266667,0.573950000,0.664800000,0.112833333,0.239033333,0.103000000,0.308325000,0.347333333,0.560933333,0.169600000
2.1276 ,0.282900000,0.257125000,0.578866667,0.138866667,0.543500000,0.584725000,0.292866667,0.268566667,0.316033333,0.591566667,0.154900000,0.592833333,0.573600000,0.663925000,0.113700000,0.239966667,0.104066667,0.308650000,0.348333333,0.560633333,0.169720000
2.1301 ,0.283133333,0.257675000,0.578833333,0.140000000,0.543600000,0.584025000,0.293766667,0.268566667,0.316400000,0.591600000,0.155500000,0.592033333,0.572500000,0.663975000,0.114800000,0.240833333,0.105133333,0.308850000,0.348700000,0.561400000,0.170760000
2.1326 ,0.283633333,0.257950000,0.579200000,0.140700000,0.543700000,0.584300000,0.294500000,0.269133333,0.317433333,0.591600000,0.155400000,0.592333333,0.572600000,0.663400000,0.116100000,0.241266667,0.105366667,0.308650000,0.349600000,0.561733333,0.171640000
2.1351 ,0.284366667,0.258375000,0.578866667,0.139866667,0.542666667,0.584225000,0.294366667,0.269800000,0.318033333,0.591633333,0.156166667,0.592600000,0.572200000,0.661650000,0.116433333,0.242066667,0.104833333,0.309300000,0.350300000,0.561133333,0.171980000
2.1376 ,0.285066667,0.258425000,0.577200000,0.139766667,0.542100000,0.583575000,0.294100000,0.269600000,0.318566667,0.591066667,0.156766667,0.592200000,0.569750000,0.660700000,0.116266667,0.242466667,0.105466667,0.309300000,0.350800000,0.560033333,0.171980000
2.1400 ,0.285500000,0.258800000,0.576300000,0.140300000,0.541733333,0.582050000,0.293566667,0.270066667,0.319133333,0.589300000,0.155433333,0.590500000,0.567250000,0.659800000,0.117066667,0.242766667,0.106066667,0.308950000,0.351566667,0.560033333,0.172500000
2.1425 ,0.286033333,0.258775000,0.576666667,0.140466667,0.541766667,0.582000000,0.294433333,0.270500000,0.319366667,0.588866667,0.155466667,0.590333333,0.566475000,0.657350000,0.118066667,0.244600000,0.106266667,0.308250000,0.351033333,0.559066667,0.172740000
2.1450 ,0.287333333,0.258675000,0.575766667,0.140800000,0.541366667,0.581325000,0.294533333,0.270533333,0.320633333,0.588533333,0.156300000,0.590300000,0.564450000,0.655325000,0.118200000,0.245200000,0.106700000,0.308250000,0.351000000,0.558233333,0.172600000
2.1475 ,0.288000000,0.258900000,0.574633333,0.141400000,0.540066667,0.578425000,0.294100000,0.270866667,0.321900000,0.586666667,0.156033333,0.588633333,0.561125000,0.655100000,0.119000000,0.245366667,0.107633333,0.308775000,0.350900000,0.557600000,0.172620000
2.1499 ,0.287833333,0.259375000,0.573000000,0.141900000,0.538233333,0.576825000,0.293866667,0.271733333,0.321266667,0.585333333,0.156733333,0.586233333,0.558725000,0.653775000,0.118866667,0.246700000,0.108366667,0.308975000,0.351800000,0.556666667,0.172640000
2.1524 ,0.287866667,0.259350000,0.569800000,0.141700000,0.536566667,0.575450000,0.293766667,0.272166667,0.321133333,0.584000000,0.156066667,0.584600000,0.557250000,0.650825000,0.119033333,0.247633333,0.108600000,0.308000000,0.352133333,0.554300000,0.172680000
2.1549 ,0.288133333,0.258700000,0.567333333,0.141433333,0.535633333,0.574225000,0.294100000,0.272000000,0.322300000,0.581833333,0.157033333,0.583700000,0.555800000,0.650175000,0.119333333,0.248300000,0.109300000,0.307125000,0.351933333,0.552966667,0.173460000
2.1574 ,0.288100000,0.258325000,0.566066667,0.141000000,0.534133333,0.571875000,0.293666667,0.272266667,0.322933333,0.580100000,0.157400000,0.582633333,0.554200000,0.649800000,0.119400000,0.248233333,0.109966667,0.307225000,0.352333333,0.552200000,0.173060000
2.1598 ,0.288900000,0.259075000,0.565200000,0.141000000,0.533233333,0.570050000,0.292366667,0.273100000,0.323066667,0.577766667,0.156666667,0.580833333,0.552625000,0.649850000,0.120333333,0.248666667,0.109300000,0.307475000,0.353133333,0.551066667,0.172740000
2.1623 ,0.289233333,0.258450000,0.563666667,0.141666667,0.532500000,0.569125000,0.293766667,0.273900000,0.324400000,0.576300000,0.156133333,0.579733333,0.552650000,0.648950000,0.120633333,0.249400000,0.109966667,0.306600000,0.352466667,0.549100000,0.172820000
2.1648 ,0.289566667,0.258025000,0.561866667,0.142700000,0.530366667,0.566825000,0.294300000,0.273633333,0.324133333,0.573833333,0.156666667,0.577933333,0.552425000,0.647825000,0.120833333,0.249933333,0.111533333,0.306200000,0.352333333,0.547733333,0.172900000
2.1672 ,0.290266667,0.258550000,0.561166667,0.143133333,0.529266667,0.564975000,0.292933333,0.273100000,0.324133333,0.572133333,0.156266667,0.576566667,0.550850000,0.647200000,0.121500000,0.250733333,0.111066667,0.306150000,0.352800000,0.545800000,0.173040000
2.1697 ,0.289766667,0.258900000,0.558833333,0.142166667,0.527933333,0.563325000,0.292133333,0.272933333,0.324833333,0.570933333,0.156566667,0.574866667,0.548950000,0.647775000,0.121100000,0.252266667,0.110966667,0.305725000,0.353600000,0.544933333,0.173760000
2.1721 ,0.289600000,0.258625000,0.555766667,0.142633333,0.527633333,0.562025000,0.292266667,0.273733333,0.326433333,0.570000000,0.157233333,0.574266667,0.550500000,0.646350000,0.121633333,0.252600000,0.111800000,0.305150000,0.353133333,0.542966667,0.172960000
2.1746 ,0.290133333,0.258200000,0.554866667,0.143866667,0.525766667,0.560575000,0.292066667,0.275200000,0.326400000,0.568066667,0.156766667,0.572366667,0.549900000,0.645250000,0.122133333,0.252300000,0.112466667,0.305100000,0.352933333,0.541566667,0.172320000
2.1771 ,0.290833333,0.258525000,0.553766667,0.143933333,0.523700000,0.559325000,0.291233333,0.275433333,0.326666667,0.565666667,0.156766667,0.570466667,0.547950000,0.644575000,0.121833333,0.252800000,0.112233333,0.304400000,0.353266667,0.540400000,0.172960000
2.1795 ,0.291166667,0.259050000,0.551366667,0.143066667,0.521866667,0.556875000,0.291100000,0.275366667,0.327066667,0.563433333,0.156933333,0.568533333,0.546125000,0.644600000,0.121933333,0.253966667,0.112100000,0.304550000,0.353600000,0.540100000,0.173300000
2.1820 ,0.292266667,0.259525000,0.550000000,0.142800000,0.521633333,0.554950000,0.291433333,0.276266667,0.328333333,0.562133333,0.156400000,0.567333333,0.545625000,0.643775000,0.122433333,0.253500000,0.112966667,0.304525000,0.353433333,0.537800000,0.172720000
2.1844 ,0.294366667,0.260050000,0.549866667,0.143133333,0.520200000,0.553350000,0.291366667,0.277400000,0.328766667,0.560766667,0.156966667,0.565800000,0.544575000,0.643225000,0.123166667,0.254066667,0.114266667,0.304200000,0.353400000,0.536966667,0.172700000
2.1869 ,0.292466667,0.259925000,0.546666667,0.143266667,0.518333333,0.551400000,0.290900000,0.277033333,0.328933333,0.558466667,0.156766667,0.563900000,0.543150000,0.640325000,0.123633333,0.255666667,0.113633333,0.303600000,0.353133333,0.535633333,0.173340000
2.1894 ,0.291466667,0.259200000,0.543433333,0.142966667,0.516333333,0.549825000,0.291033333,0.277400000,0.329666667,0.556533333,0.156633333,0.561800000,0.541575000,0.638550000,0.123600000,0.256600000,0.113466667,0.303825000,0.353233333,0.533966667,0.173120000
2.1918 ,0.291766667,0.258475000,0.541733333,0.143133333,0.515233333,0.547650000,0.290633333,0.278266667,0.330500000,0.555133333,0.157566667,0.560266667,0.539450000,0.637700000,0.123733333,0.256500000,0.114566667,0.303750000,0.353066667,0.530300000,0.173200000
2.1942 ,0.292233333,0.258875000,0.540166667,0.143933333,0.513700000,0.544325000,0.290200000,0.278966667,0.331900000,0.551566667,0.157533333,0.559000000,0.536725000,0.634625000,0.123833333,0.257466667,0.115500000,0.302350000,0.351266667,0.528266667,0.172800000
2.1967 ,0.292766667,0.259350000,0.537366667,0.143600000,0.511233333,0.541000000,0.288900000,0.278500000,0.331866667,0.547500000,0.156933333,0.556033333,0.533350000,0.631875000,0.124300000,0.258466667,0.116300000,0.301250000,0.350033333,0.526900000,0.172640000
2.1991 ,0.292600000,0.259150000,0.534033333,0.142933333,0.509366667,0.537850000,0.288033333,0.279233333,0.331466667,0.544333333,0.156933333,0.552566667,0.530475000,0.631225000,0.125066667,0.258233333,0.115700000,0.300825000,0.350400000,0.524133333,0.172900000
2.2016 ,0.292533333,0.258300000,0.530600000,0.143166667,0.507333333,0.535000000,0.288566667,0.279166667,0.332766667,0.542700000,0.157266667,0.551000000,0.528650000,0.628750000,0.124566667,0.257066667,0.115366667,0.300325000,0.350266667,0.521100000,0.172460000
2.2041 ,0.292533333,0.257300000,0.526500000,0.143333333,0.505100000,0.532350000,0.287566667,0.279100000,0.333333333,0.540500000,0.156500000,0.549733333,0.525550000,0.625500000,0.123833333,0.257766667,0.115733333,0.299350000,0.348266667,0.518166667,0.171480000
2.2065 ,0.291500000,0.257400000,0.524966667,0.143533333,0.503666667,0.530200000,0.286866667,0.278633333,0.333133333,0.537400000,0.155866667,0.547500000,0.521900000,0.623850000,0.124166667,0.258300000,0.116666667,0.298575000,0.347266667,0.516033333,0.171380000
2.2089 ,0.291833333,0.257725000,0.525500000,0.143566667,0.502333333,0.528750000,0.286900000,0.279433333,0.333133333,0.536200000,0.156433333,0.546133333,0.519350000,0.623550000,0.124366667,0.257033333,0.117033333,0.298550000,0.347266667,0.515666667,0.171600000
2.2114 ,0.292266667,0.257425000,0.525100000,0.143466667,0.502166667,0.528625000,0.286700000,0.281233333,0.333533333,0.537133333,0.156600000,0.545600000,0.517625000,0.621800000,0.124900000,0.258666667,0.116933333,0.300175000,0.347933333,0.516833333,0.172740000
2.2138 ,0.292233333,0.257900000,0.525233333,0.142966667,0.503366667,0.529200000,0.285733333,0.281400000,0.333533333,0.537033333,0.156333333,0.546466667,0.516650000,0.620225000,0.124933333,0.260433333,0.116966667,0.300000000,0.349600000,0.517666667,0.172600000
2.2163 ,0.293300000,0.258050000,0.527133333,0.143966667,0.504633333,0.531225000,0.286600000,0.280366667,0.333166667,0.538366667,0.156933333,0.547966667,0.517250000,0.618550000,0.125533333,0.259033333,0.117200000,0.299925000,0.349633333,0.517633333,0.172380000
2.2187 ,0.292966667,0.258525000,0.528733333,0.143766667,0.505666667,0.533100000,0.288466667,0.280100000,0.332800000,0.541133333,0.157200000,0.549433333,0.516750000,0.618250000,0.125333333,0.258300000,0.116633333,0.299725000,0.349100000,0.519200000,0.172480000
2.2211 ,0.292666667,0.258900000,0.528633333,0.143466667,0.506966667,0.533900000,0.288266667,0.280300000,0.331633333,0.543566667,0.156633333,0.549866667,0.514750000,0.617400000,0.124300000,0.258366667,0.116600000,0.300075000,0.348900000,0.520433333,0.172440000
2.2236 ,0.292100000,0.257950000,0.529800000,0.142866667,0.507233333,0.534625000,0.287600000,0.279633333,0.330066667,0.543133333,0.155933333,0.550266667,0.514200000,0.616725000,0.124000000,0.257700000,0.116233333,0.300200000,0.348333333,0.520466667,0.172000000
2.2260 ,0.292433333,0.258650000,0.531200000,0.142166667,0.508100000,0.534825000,0.286733333,0.278333333,0.328266667,0.543200000,0.156033333,0.551000000,0.514925000,0.616750000,0.123200000,0.256000000,0.114800000,0.299275000,0.346900000,0.519566667,0.171220000
2.2284 ,0.290066667,0.258275000,0.530100000,0.141733333,0.508766667,0.535900000,0.286466667,0.278000000,0.327200000,0.544200000,0.155733333,0.552300000,0.512850000,0.615650000,0.123133333,0.254233333,0.114266667,0.298925000,0.345866667,0.520733333,0.170940000
2.2309 ,0.288100000,0.256500000,0.530666667,0.140400000,0.507566667,0.535800000,0.285800000,0.275866667,0.324400000,0.543566667,0.154733333,0.551500000,0.510000000,0.614750000,0.122466667,0.251733333,0.114833333,0.298700000,0.344700000,0.522533333,0.170900000
2.2333 ,0.287033333,0.255025000,0.531500000,0.140000000,0.507733333,0.535600000,0.284866667,0.274166667,0.321900000,0.543966667,0.154100000,0.551400000,0.509050000,0.615125000,0.120933333,0.249766667,0.113833333,0.297725000,0.343000000,0.521433333,0.170740000
2.2357 ,0.286033333,0.254300000,0.530700000,0.138766667,0.508533333,0.535450000,0.284433333,0.272433333,0.319900000,0.544833333,0.154433333,0.552166667,0.507925000,0.613625000,0.120000000,0.247333333,0.111800000,0.295825000,0.339500000,0.520166667,0.169700000
2.2382 ,0.282966667,0.253675000,0.530366667,0.138166667,0.508033333,0.535200000,0.283900000,0.270033333,0.316800000,0.544833333,0.153433333,0.552333333,0.505125000,0.610650000,0.119966667,0.245200000,0.109633333,0.294075000,0.337400000,0.519966667,0.168120000
2.2406 ,0.279733333,0.251800000,0.530933333,0.136366667,0.506400000,0.535725000,0.281533333,0.268133333,0.313000000,0.543533333,0.151666667,0.550666667,0.502675000,0.608200000,0.120166667,0.243233333,0.109266667,0.293450000,0.334733333,0.520333333,0.167620000
2.2430 ,0.276900000,0.249675000,0.531000000,0.135266667,0.504666667,0.534050000,0.279200000,0.266033333,0.308733333,0.542666667,0.149466667,0.549666667,0.500025000,0.607625000,0.119266667,0.239966667,0.109433333,0.292300000,0.332100000,0.519866667,0.167160000
2.2455 ,0.275000000,0.249150000,0.529833333,0.134066667,0.504633333,0.534875000,0.278866667,0.264000000,0.305800000,0.543133333,0.149333333,0.550033333,0.497250000,0.605400000,0.116900000,0.236933333,0.108000000,0.290050000,0.329333333,0.518800000,0.165200000
2.2479 ,0.272100000,0.247450000,0.529266667,0.134133333,0.505900000,0.536225000,0.278066667,0.261900000,0.303633333,0.544133333,0.149200000,0.550666667,0.495575000,0.602550000,0.115800000,0.234200000,0.106166667,0.289100000,0.325833333,0.518400000,0.164100000
2.2503 ,0.270266667,0.245500000,0.530166667,0.131966667,0.506300000,0.535275000,0.277000000,0.259700000,0.300700000,0.543366667,0.147700000,0.551133333,0.492500000,0.602175000,0.115333333,0.231700000,0.105300000,0.288200000,0.323533333,0.518733333,0.163180000
2.2527 ,0.268266667,0.244050000,0.530200000,0.130533333,0.506066667,0.536075000,0.274866667,0.258600000,0.298300000,0.544700000,0.146800000,0.551233333,0.490025000,0.600925000,0.114600000,0.230033333,0.104366667,0.287725000,0.321800000,0.518166667,0.162520000
2.2551 ,0.266866667,0.243925000,0.531066667,0.130600000,0.504700000,0.536075000,0.272633333,0.255700000,0.295500000,0.545033333,0.146166667,0.550066667,0.486775000,0.597875000,0.112500000,0.228066667,0.103466667,0.287475000,0.319633333,0.517966667,0.161800000
2.2576 ,0.265033333,0.243475000,0.532200000,0.130333333,0.503133333,0.535725000,0.271766667,0.252700000,0.292700000,0.544933333,0.144500000,0.550533333,0.483975000,0.595425000,0.110700000,0.224200000,0.102733333,0.285975000,0.318033333,0.519633333,0.160960000
2.2600 ,0.262333333,0.240975000,0.532300000,0.128066667,0.502733333,0.535750000,0.271533333,0.252666667,0.291133333,0.545433333,0.143433333,0.551566667,0.480550000,0.593325000,0.110366667,0.221833333,0.101100000,0.284950000,0.315266667,0.517833333,0.160200000
2.2624 ,0.259566667,0.238650000,0.532033333,0.126700000,0.504300000,0.537525000,0.271066667,0.252633333,0.289733333,0.545733333,0.143200000,0.551966667,0.477900000,0.591250000,0.110866667,0.221266667,0.100066667,0.284250000,0.314500000,0.517866667,0.159600000
2.2648 ,0.258700000,0.238100000,0.532666667,0.126533333,0.504366667,0.538450000,0.269466667,0.250366667,0.286400000,0.545233333,0.143233333,0.551766667,0.475700000,0.587875000,0.108466667,0.219833333,0.098966667,0.283375000,0.313333333,0.520566667,0.158880000
2.2672 ,0.258233333,0.237375000,0.532833333,0.126933333,0.503800000,0.538725000,0.268533333,0.248700000,0.284933333,0.546833333,0.142833333,0.552233333,0.473775000,0.586750000,0.106100000,0.217100000,0.098200000,0.282775000,0.311700000,0.520433333,0.157920000
2.2696 ,0.257166667,0.237250000,0.533866667,0.127300000,0.501866667,0.537200000,0.267466667,0.246733333,0.285200000,0.546000000,0.140366667,0.551200000,0.469675000,0.583700000,0.106900000,0.216200000,0.097466667,0.281350000,0.310033333,0.519466667,0.157700000
2.2721 ,0.255566667,0.236925000,0.534066667,0.125100000,0.502366667,0.537650000,0.266433333,0.247200000,0.284100000,0.546066667,0.140066667,0.551300000,0.466675000,0.581575000,0.107166667,0.215833333,0.097166667,0.280175000,0.306866667,0.518533333,0.157740000
2.2745 ,0.255400000,0.236825000,0.532800000,0.123433333,0.502133333,0.537600000,0.265333333,0.246666667,0.281900000,0.546233333,0.139833333,0.551266667,0.462600000,0.580050000,0.104933333,0.214266667,0.096733333,0.280250000,0.305866667,0.518433333,0.156180000
2.2769 ,0.253800000,0.235675000,0.531700000,0.122366667,0.499733333,0.537000000,0.264333333,0.244766667,0.280933333,0.545300000,0.138666667,0.549100000,0.458000000,0.576575000,0.104266667,0.214033333,0.095766667,0.279475000,0.308000000,0.519066667,0.155180000
2.2793 ,0.252366667,0.233250000,0.530500000,0.122600000,0.499366667,0.535100000,0.263266667,0.244366667,0.280566667,0.543333333,0.137833333,0.548766667,0.454800000,0.573500000,0.104900000,0.213133333,0.095500000,0.278250000,0.306866667,0.516900000,0.154920000
2.2817 ,0.252233333,0.233200000,0.529100000,0.121600000,0.498166667,0.533575000,0.261800000,0.245266667,0.280400000,0.541400000,0.137066667,0.548233333,0.451475000,0.570825000,0.104233333,0.212600000,0.095466667,0.277475000,0.304700000,0.516000000,0.154160000
2.2841 ,0.250833333,0.233375000,0.526866667,0.123200000,0.499333333,0.535100000,0.261266667,0.245266667,0.279300000,0.541900000,0.136733333,0.548300000,0.449500000,0.567425000,0.103433333,0.213433333,0.095100000,0.277225000,0.304866667,0.515400000,0.152680000
2.2865 ,0.248633333,0.233075000,0.526400000,0.122533333,0.500700000,0.534650000,0.261900000,0.243933333,0.280100000,0.540633333,0.136666667,0.547400000,0.447250000,0.565275000,0.103800000,0.212700000,0.094000000,0.275975000,0.304033333,0.513333333,0.151920000
2.2889 ,0.248300000,0.232625000,0.526833333,0.121766667,0.498600000,0.531125000,0.261400000,0.243333333,0.278966667,0.539600000,0.135466667,0.545700000,0.441675000,0.565575000,0.103900000,0.211600000,0.093233333,0.275900000,0.303466667,0.514266667,0.151340000
2.2913 ,0.249600000,0.231675000,0.526666667,0.122300000,0.496866667,0.532200000,0.261766667,0.243400000,0.278100000,0.539233333,0.135433333,0.546100000,0.440050000,0.562850000,0.102000000,0.211600000,0.093266667,0.275575000,0.302933333,0.514500000,0.150640000
2.2937 ,0.248333333,0.231575000,0.525466667,0.120900000,0.495366667,0.531900000,0.259633333,0.242133333,0.277966667,0.537300000,0.136066667,0.544600000,0.437950000,0.560200000,0.101366667,0.210200000,0.093333333,0.273650000,0.300433333,0.513166667,0.149680000
2.2961 ,0.246766667,0.231825000,0.522700000,0.118466667,0.494100000,0.528200000,0.257766667,0.239266667,0.276900000,0.534400000,0.133766667,0.542900000,0.432750000,0.557825000,0.100600000,0.208700000,0.092466667,0.272375000,0.299133333,0.511000000,0.149720000
2.2985 ,0.245766667,0.229050000,0.523300000,0.118933333,0.493200000,0.527800000,0.256800000,0.238133333,0.275800000,0.534400000,0.132266667,0.542400000,0.431475000,0.553475000,0.099400000,0.208766667,0.090366667,0.271700000,0.298266667,0.509666667,0.148780000
2.3009 ,0.244966667,0.227525000,0.524033333,0.118166667,0.493566667,0.528200000,0.257233333,0.237533333,0.275400000,0.533600000,0.133700000,0.541633333,0.429950000,0.552650000,0.098366667,0.209100000,0.089300000,0.271125000,0.297500000,0.510433333,0.147460000
2.3033 ,0.243366667,0.227025000,0.521433333,0.117500000,0.493400000,0.528800000,0.256600000,0.238900000,0.274600000,0.533300000,0.131600000,0.542000000,0.429200000,0.556400000,0.098433333,0.207466667,0.089566667,0.269675000,0.297366667,0.509566667,0.146760000
2.3057 ,0.242100000,0.226975000,0.520866667,0.117833333,0.492033333,0.527050000,0.253966667,0.237166667,0.272000000,0.533200000,0.129833333,0.541633333,0.428525000,0.556950000,0.098400000,0.205366667,0.088966667,0.268825000,0.294933333,0.508300000,0.146440000
2.3081 ,0.241533333,0.225800000,0.522333333,0.116333333,0.491400000,0.526075000,0.252966667,0.235433333,0.269900000,0.532800000,0.129366667,0.540933333,0.426350000,0.553775000,0.098400000,0.205166667,0.087700000,0.268050000,0.293233333,0.508200000,0.146660000
2.3105 ,0.241566667,0.225675000,0.522066667,0.115866667,0.493033333,0.526575000,0.254100000,0.236733333,0.272433333,0.534966667,0.128633333,0.540866667,0.424975000,0.551975000,0.097866667,0.205233333,0.088433333,0.268750000,0.292166667,0.509333333,0.146380000
2.3129 ,0.241533333,0.226625000,0.521000000,0.116866667,0.493366667,0.527750000,0.254766667,0.236633333,0.273600000,0.535200000,0.128833333,0.542666667,0.423050000,0.550775000,0.096866667,0.206166667,0.088900000,0.268650000,0.292233333,0.509900000,0.146100000
2.3153 ,0.242500000,0.226100000,0.519600000,0.116600000,0.490066667,0.525775000,0.253100000,0.234566667,0.270666667,0.530833333,0.130766667,0.539600000,0.420625000,0.547900000,0.096800000,0.205266667,0.086466667,0.269200000,0.292066667,0.508000000,0.144920000
2.3177 ,0.242100000,0.226025000,0.518333333,0.113866667,0.486833333,0.522700000,0.252800000,0.234033333,0.268066667,0.526700000,0.129866667,0.537500000,0.417175000,0.546400000,0.097400000,0.202633333,0.085400000,0.269550000,0.290833333,0.505800000,0.144420000
2.3201 ,0.241200000,0.226600000,0.516500000,0.113933333,0.488566667,0.523825000,0.254333333,0.234933333,0.271966667,0.527000000,0.129800000,0.537533333,0.415325000,0.547200000,0.097633333,0.203700000,0.087566667,0.269300000,0.289900000,0.506433333,0.145360000
2.3224 ,0.240633333,0.227400000,0.514333333,0.115600000,0.488500000,0.523325000,0.254866667,0.235066667,0.272166667,0.528100000,0.131133333,0.536600000,0.413025000,0.542675000,0.095633333,0.205566667,0.086566667,0.269900000,0.290066667,0.506833333,0.145340000
2.3248 ,0.240900000,0.226250000,0.513100000,0.114400000,0.486933333,0.520125000,0.252466667,0.234500000,0.271166667,0.525766667,0.131000000,0.533200000,0.410500000,0.537550000,0.096000000,0.204166667,0.085166667,0.269650000,0.288300000,0.505400000,0.144280000
2.3272 ,0.240766667,0.226375000,0.511466667,0.113366667,0.484966667,0.517000000,0.251166667,0.233800000,0.269900000,0.524233333,0.131433333,0.531000000,0.405675000,0.537900000,0.096833333,0.204200000,0.083866667,0.269200000,0.288800000,0.503500000,0.143780000
2.3296 ,0.239533333,0.225400000,0.510733333,0.114200000,0.484700000,0.517300000,0.251900000,0.234600000,0.271000000,0.523966667,0.129700000,0.532233333,0.402150000,0.535325000,0.094866667,0.204700000,0.084600000,0.268950000,0.287500000,0.501100000,0.142000000
2.3320 ,0.238700000,0.225075000,0.510633333,0.114566667,0.485000000,0.517525000,0.252133333,0.234700000,0.271400000,0.525033333,0.129000000,0.535033333,0.403250000,0.532175000,0.094900000,0.201766667,0.085433333,0.266650000,0.286466667,0.499466667,0.142640000
2.3344 ,0.240100000,0.225100000,0.511000000,0.113766667,0.483666667,0.517600000,0.252166667,0.232233333,0.270633333,0.522466667,0.131100000,0.534033333,0.401950000,0.533350000,0.095200000,0.200333333,0.085033333,0.266725000,0.287200000,0.500366667,0.144240000
2.3367 ,0.239433333,0.224025000,0.508933333,0.114300000,0.482800000,0.515600000,0.250200000,0.231000000,0.269800000,0.518400000,0.130700000,0.531200000,0.400500000,0.533650000,0.095166667,0.203000000,0.083733333,0.265975000,0.286300000,0.500400000,0.141920000
2.3391 ,0.237466667,0.224825000,0.509400000,0.112600000,0.482133333,0.513100000,0.250633333,0.231933333,0.270166667,0.519133333,0.130500000,0.530766667,0.401825000,0.534500000,0.094300000,0.202966667,0.082400000,0.265075000,0.286200000,0.499000000,0.139260000
2.3415 ,0.236800000,0.225975000,0.508366667,0.113266667,0.483800000,0.513925000,0.252500000,0.232633333,0.271533333,0.521400000,0.130566667,0.532200000,0.404025000,0.535800000,0.094100000,0.202233333,0.082600000,0.265325000,0.286100000,0.499333333,0.139720000
2.3439 ,0.239500000,0.225150000,0.507466667,0.114400000,0.484966667,0.517825000,0.251666667,0.232400000,0.272800000,0.522633333,0.127833333,0.535666667,0.406125000,0.537025000,0.093900000,0.202800000,0.082900000,0.265900000,0.286133333,0.502233333,0.139420000
2.3462 ,0.241433333,0.224325000,0.509300000,0.112500000,0.483200000,0.515400000,0.249300000,0.231566667,0.270766667,0.521933333,0.124633333,0.533600000,0.407600000,0.539225000,0.093600000,0.203800000,0.082966667,0.265550000,0.286766667,0.502566667,0.139140000
2.3486 ,0.238800000,0.224450000,0.510166667,0.112400000,0.483033333,0.513100000,0.248533333,0.232066667,0.267900000,0.520833333,0.124000000,0.529066667,0.410625000,0.545225000,0.092600000,0.204500000,0.081500000,0.265925000,0.288500000,0.504100000,0.140660000
2.3510 ,0.239066667,0.225400000,0.514033333,0.111900000,0.483900000,0.514125000,0.250133333,0.231300000,0.270433333,0.520066667,0.124800000,0.531433333,0.415675000,0.544175000,0.091800000,0.201266667,0.081966667,0.265100000,0.287700000,0.504166667,0.140220000
2.3534 ,0.237933333,0.225100000,0.510600000,0.111766667,0.482366667,0.512700000,0.251366667,0.230000000,0.270733333,0.519600000,0.126666667,0.534500000,0.422150000,0.547250000,0.091666667,0.203900000,0.083366667,0.265450000,0.286266667,0.505400000,0.138820000
2.3557 ,0.239133333,0.223875000,0.510500000,0.112400000,0.479433333,0.511375000,0.248300000,0.229233333,0.270766667,0.517633333,0.125600000,0.531266667,0.425975000,0.555600000,0.091900000,0.204166667,0.081733333,0.263800000,0.286900000,0.501200000,0.137580000
2.3581 ,0.239233333,0.223550000,0.509200000,0.112600000,0.482133333,0.512475000,0.248666667,0.231533333,0.271200000,0.520300000,0.126766667,0.534500000,0.432800000,0.559675000,0.090833333,0.202400000,0.077800000,0.264525000,0.289833333,0.501466667,0.137980000
2.3605 ,0.239900000,0.224700000,0.508300000,0.112600000,0.486300000,0.514575000,0.252600000,0.231700000,0.272033333,0.521700000,0.125566667,0.537633333,0.440225000,0.560250000,0.091400000,0.199900000,0.077733333,0.266500000,0.290333333,0.504433333,0.136960000
2.3628 ,0.241666667,0.225325000,0.514000000,0.114200000,0.485266667,0.516300000,0.253766667,0.232066667,0.272866667,0.523500000,0.124533333,0.538000000,0.447300000,0.565225000,0.093700000,0.201100000,0.079533333,0.264800000,0.292300000,0.505566667,0.138300000
2.3652 ,0.243100000,0.226275000,0.516666667,0.113466667,0.485766667,0.513575000,0.253833333,0.228066667,0.272466667,0.523566667,0.126633333,0.537833333,0.451075000,0.573475000,0.092233333,0.203900000,0.079866667,0.264175000,0.294500000,0.505400000,0.139460000
2.3676 ,0.241133333,0.227100000,0.514633333,0.111133333,0.485166667,0.511350000,0.254200000,0.229766667,0.271666667,0.520666667,0.127966667,0.536366667,0.452425000,0.575850000,0.088933333,0.202533333,0.078633333,0.265475000,0.292033333,0.507766667,0.138040000
2.3699 ,0.239433333,0.227500000,0.512800000,0.110500000,0.482100000,0.511850000,0.251966667,0.233166667,0.272600000,0.520333333,0.128133333,0.538566667,0.456300000,0.580625000,0.090300000,0.201566667,0.078800000,0.265325000,0.293633333,0.510233333,0.138620000
2.3723 ,0.240466667,0.226275000,0.513166667,0.109200000,0.482733333,0.512275000,0.251766667,0.231633333,0.273100000,0.524166667,0.125533333,0.536100000,0.459975000,0.577050000,0.089866667,0.202000000,0.076833333,0.264850000,0.296166667,0.506800000,0.136800000
2.3747 ,0.241266667,0.224275000,0.510733333,0.111766667,0.484466667,0.510175000,0.253866667,0.231933333,0.273900000,0.523233333,0.125966667,0.534266667,0.464175000,0.577975000,0.089700000,0.202266667,0.076333333,0.263375000,0.295166667,0.505733333,0.136260000
2.3770 ,0.240266667,0.221375000,0.509066667,0.109533333,0.484566667,0.509050000,0.252000000,0.233200000,0.278866667,0.522833333,0.127000000,0.538300000,0.471250000,0.587500000,0.089300000,0.201066667,0.080033333,0.261900000,0.294300000,0.506633333,0.138080000
2.3794 ,0.236533333,0.222700000,0.509500000,0.110433333,0.484533333,0.511600000,0.251766667,0.233466667,0.277800000,0.521800000,0.126566667,0.537266667,0.470950000,0.589600000,0.090100000,0.203066667,0.074833333,0.261975000,0.295233333,0.510766667,0.136800000
2.3817 ,0.243533333,0.223175000,0.508400000,0.109900000,0.484700000,0.510925000,0.251833333,0.231433333,0.277300000,0.516766667,0.124433333,0.532766667,0.467800000,0.582825000,0.088866667,0.202166667,0.075266667,0.262925000,0.293900000,0.508933333,0.134620000
2.3841 ,0.246466667,0.224775000,0.507000000,0.110133333,0.482400000,0.508975000,0.247933333,0.233700000,0.276433333,0.515400000,0.126600000,0.532566667,0.466300000,0.586575000,0.089033333,0.203066667,0.078766667,0.262150000,0.294366667,0.503300000,0.135120000
2.3864 ,0.243066667,0.225050000,0.509866667,0.112133333,0.481066667,0.508500000,0.246966667,0.235600000,0.271966667,0.518966667,0.122733333,0.533333333,0.465325000,0.585775000,0.088533333,0.203133333,0.075900000,0.260025000,0.293866667,0.503733333,0.138860000
2.3888 ,0.242900000,0.220525000,0.508633333,0.113866667,0.481133333,0.510150000,0.249600000,0.234533333,0.276800000,0.517366667,0.122200000,0.532400000,0.466625000,0.585375000,0.086300000,0.204633333,0.075166667,0.260575000,0.296866667,0.505966667,0.137500000
2.3911 ,0.242766667,0.219575000,0.505866667,0.108366667,0.476800000,0.506175000,0.248866667,0.229433333,0.278800000,0.517200000,0.122600000,0.527666667,0.463550000,0.583825000,0.087966667,0.201033333,0.073900000,0.260525000,0.294133333,0.504066667,0.133040000
2.3935 ,0.239833333,0.220800000,0.503100000,0.107133333,0.477166667,0.507900000,0.247166667,0.228466667,0.276433333,0.521333333,0.122866667,0.531100000,0.464075000,0.583050000,0.086833333,0.200133333,0.073566667,0.259375000,0.292133333,0.501100000,0.130260000
2.3958 ,0.239000000,0.219350000,0.504700000,0.110133333,0.477400000,0.503400000,0.250400000,0.227000000,0.276766667,0.520333333,0.124466667,0.532433333,0.465500000,0.581375000,0.087800000,0.198633333,0.074433333,0.260625000,0.293133333,0.503000000,0.131720000
2.3982 ,0.240533333,0.217925000,0.510066667,0.109800000,0.479266667,0.499425000,0.251933333,0.228100000,0.277266667,0.516100000,0.122900000,0.529200000,0.463700000,0.580250000,0.089800000,0.200900000,0.071533333,0.262000000,0.293766667,0.504600000,0.134240000
2.4005 ,0.237866667,0.219850000,0.505866667,0.105766667,0.481600000,0.504200000,0.250000000,0.230800000,0.277200000,0.515200000,0.121000000,0.532066667,0.461525000,0.582525000,0.087466667,0.202533333,0.068566667,0.260050000,0.291566667,0.505100000,0.133320000
